model_index,feature_name,feature_kind,meaning,unit,location_scope,route_location_definition,time_window_jst,transformation,required_upstream_field,upstream_type,future_forecast_reproducibility,production_condition
1,journey_wind_speed_10m_mean,気象海象の加工値,10m風速,m/s,便の対岸港別ルート地点をまとめて集計（地点別の列ではない）,"東京:tokyo_port,tokyo_bay_mouth,uraga_channel,sagami_north,sagami_central,oshima_north_okata,oshima_west_motomachi; 横浜:tokyo_bay_mouth,uraga_channel,sagami_north,sagami_central,oshima_north_okata,oshima_west_motomachi; 久里浜:uraga_channel,sagami_north,sagami_central,oshima_north_okata,oshima_west_motomachi; 熱海:atami_offshore,sagami_north,sagami_central,oshima_north_okata,oshima_west_motomachi; 伊東:ito_offshore,sagami_central,oshima_north_okata,oshima_west_motomachi; 稲取:inatori_offshore,sagami_central,oshima_north_okata,oshima_west_motomachi; 館山:tateyama_offshore,sagami_central,oshima_north_okata,oshima_west_motomachi",出航時刻を含む時間格子から推定到着時刻以前まで,全地点・全時刻の算術平均,wind_speed_10m,weather,条件付きで再現可能,同じ11地点、JST時間窓、単位、欠損処理で未来予報を集計。予報モデル差の検証が必要
2,journey_wind_speed_10m_max,気象海象の加工値,10m風速,m/s,便の対岸港別ルート地点をまとめて集計（地点別の列ではない）,"東京:tokyo_port,tokyo_bay_mouth,uraga_channel,sagami_north,sagami_central,oshima_north_okata,oshima_west_motomachi; 横浜:tokyo_bay_mouth,uraga_channel,sagami_north,sagami_central,oshima_north_okata,oshima_west_motomachi; 久里浜:uraga_channel,sagami_north,sagami_central,oshima_north_okata,oshima_west_motomachi; 熱海:atami_offshore,sagami_north,sagami_central,oshima_north_okata,oshima_west_motomachi; 伊東:ito_offshore,sagami_central,oshima_north_okata,oshima_west_motomachi; 稲取:inatori_offshore,sagami_central,oshima_north_okata,oshima_west_motomachi; 館山:tateyama_offshore,sagami_central,oshima_north_okata,oshima_west_motomachi",出航時刻を含む時間格子から推定到着時刻以前まで,全地点・全時刻の最大値,wind_speed_10m,weather,条件付きで再現可能,同じ11地点、JST時間窓、単位、欠損処理で未来予報を集計。予報モデル差の検証が必要
3,journey_wind_speed_10m_min,気象海象の加工値,10m風速,m/s,便の対岸港別ルート地点をまとめて集計（地点別の列ではない）,"東京:tokyo_port,tokyo_bay_mouth,uraga_channel,sagami_north,sagami_central,oshima_north_okata,oshima_west_motomachi; 横浜:tokyo_bay_mouth,uraga_channel,sagami_north,sagami_central,oshima_north_okata,oshima_west_motomachi; 久里浜:uraga_channel,sagami_north,sagami_central,oshima_north_okata,oshima_west_motomachi; 熱海:atami_offshore,sagami_north,sagami_central,oshima_north_okata,oshima_west_motomachi; 伊東:ito_offshore,sagami_central,oshima_north_okata,oshima_west_motomachi; 稲取:inatori_offshore,sagami_central,oshima_north_okata,oshima_west_motomachi; 館山:tateyama_offshore,sagami_central,oshima_north_okata,oshima_west_motomachi",出航時刻を含む時間格子から推定到着時刻以前まで,全地点・全時刻の最小値,wind_speed_10m,weather,条件付きで再現可能,同じ11地点、JST時間窓、単位、欠損処理で未来予報を集計。予報モデル差の検証が必要
4,journey_wind_direction_10m_sin_mean,気象海象の加工値,10m風向（風が来る方向）,degree → sin/cos,便の対岸港別ルート地点をまとめて集計（地点別の列ではない）,"東京:tokyo_port,tokyo_bay_mouth,uraga_channel,sagami_north,sagami_central,oshima_north_okata,oshima_west_motomachi; 横浜:tokyo_bay_mouth,uraga_channel,sagami_north,sagami_central,oshima_north_okata,oshima_west_motomachi; 久里浜:uraga_channel,sagami_north,sagami_central,oshima_north_okata,oshima_west_motomachi; 熱海:atami_offshore,sagami_north,sagami_central,oshima_north_okata,oshima_west_motomachi; 伊東:ito_offshore,sagami_central,oshima_north_okata,oshima_west_motomachi; 稲取:inatori_offshore,sagami_central,oshima_north_okata,oshima_west_motomachi; 館山:tateyama_offshore,sagami_central,oshima_north_okata,oshima_west_motomachi",出航時刻を含む時間格子から推定到着時刻以前まで,全地点・全時刻の角度をsin変換して平均,wind_direction_10m,weather,条件付きで再現可能,同じ11地点、JST時間窓、単位、欠損処理で未来予報を集計。予報モデル差の検証が必要
5,journey_wind_direction_10m_cos_mean,気象海象の加工値,10m風向（風が来る方向）,degree → sin/cos,便の対岸港別ルート地点をまとめて集計（地点別の列ではない）,"東京:tokyo_port,tokyo_bay_mouth,uraga_channel,sagami_north,sagami_central,oshima_north_okata,oshima_west_motomachi; 横浜:tokyo_bay_mouth,uraga_channel,sagami_north,sagami_central,oshima_north_okata,oshima_west_motomachi; 久里浜:uraga_channel,sagami_north,sagami_central,oshima_north_okata,oshima_west_motomachi; 熱海:atami_offshore,sagami_north,sagami_central,oshima_north_okata,oshima_west_motomachi; 伊東:ito_offshore,sagami_central,oshima_north_okata,oshima_west_motomachi; 稲取:inatori_offshore,sagami_central,oshima_north_okata,oshima_west_motomachi; 館山:tateyama_offshore,sagami_central,oshima_north_okata,oshima_west_motomachi",出航時刻を含む時間格子から推定到着時刻以前まで,全地点・全時刻の角度をcos変換して平均,wind_direction_10m,weather,条件付きで再現可能,同じ11地点、JST時間窓、単位、欠損処理で未来予報を集計。予報モデル差の検証が必要
6,journey_wind_gusts_10m_mean,気象海象の加工値,10m最大瞬間風速,m/s,便の対岸港別ルート地点をまとめて集計（地点別の列ではない）,"東京:tokyo_port,tokyo_bay_mouth,uraga_channel,sagami_north,sagami_central,oshima_north_okata,oshima_west_motomachi; 横浜:tokyo_bay_mouth,uraga_channel,sagami_north,sagami_central,oshima_north_okata,oshima_west_motomachi; 久里浜:uraga_channel,sagami_north,sagami_central,oshima_north_okata,oshima_west_motomachi; 熱海:atami_offshore,sagami_north,sagami_central,oshima_north_okata,oshima_west_motomachi; 伊東:ito_offshore,sagami_central,oshima_north_okata,oshima_west_motomachi; 稲取:inatori_offshore,sagami_central,oshima_north_okata,oshima_west_motomachi; 館山:tateyama_offshore,sagami_central,oshima_north_okata,oshima_west_motomachi",出航時刻を含む時間格子から推定到着時刻以前まで,全地点・全時刻の算術平均,wind_gusts_10m,weather,条件付きで再現可能,同じ11地点、JST時間窓、単位、欠損処理で未来予報を集計。予報モデル差の検証が必要
7,journey_wind_gusts_10m_max,気象海象の加工値,10m最大瞬間風速,m/s,便の対岸港別ルート地点をまとめて集計（地点別の列ではない）,"東京:tokyo_port,tokyo_bay_mouth,uraga_channel,sagami_north,sagami_central,oshima_north_okata,oshima_west_motomachi; 横浜:tokyo_bay_mouth,uraga_channel,sagami_north,sagami_central,oshima_north_okata,oshima_west_motomachi; 久里浜:uraga_channel,sagami_north,sagami_central,oshima_north_okata,oshima_west_motomachi; 熱海:atami_offshore,sagami_north,sagami_central,oshima_north_okata,oshima_west_motomachi; 伊東:ito_offshore,sagami_central,oshima_north_okata,oshima_west_motomachi; 稲取:inatori_offshore,sagami_central,oshima_north_okata,oshima_west_motomachi; 館山:tateyama_offshore,sagami_central,oshima_north_okata,oshima_west_motomachi",出航時刻を含む時間格子から推定到着時刻以前まで,全地点・全時刻の最大値,wind_gusts_10m,weather,条件付きで再現可能,同じ11地点、JST時間窓、単位、欠損処理で未来予報を集計。予報モデル差の検証が必要
8,journey_wind_gusts_10m_min,気象海象の加工値,10m最大瞬間風速,m/s,便の対岸港別ルート地点をまとめて集計（地点別の列ではない）,"東京:tokyo_port,tokyo_bay_mouth,uraga_channel,sagami_north,sagami_central,oshima_north_okata,oshima_west_motomachi; 横浜:tokyo_bay_mouth,uraga_channel,sagami_north,sagami_central,oshima_north_okata,oshima_west_motomachi; 久里浜:uraga_channel,sagami_north,sagami_central,oshima_north_okata,oshima_west_motomachi; 熱海:atami_offshore,sagami_north,sagami_central,oshima_north_okata,oshima_west_motomachi; 伊東:ito_offshore,sagami_central,oshima_north_okata,oshima_west_motomachi; 稲取:inatori_offshore,sagami_central,oshima_north_okata,oshima_west_motomachi; 館山:tateyama_offshore,sagami_central,oshima_north_okata,oshima_west_motomachi",出航時刻を含む時間格子から推定到着時刻以前まで,全地点・全時刻の最小値,wind_gusts_10m,weather,条件付きで再現可能,同じ11地点、JST時間窓、単位、欠損処理で未来予報を集計。予報モデル差の検証が必要
9,journey_pressure_msl_mean,気象海象の加工値,海面更正気圧,hPa,便の対岸港別ルート地点をまとめて集計（地点別の列ではない）,"東京:tokyo_port,tokyo_bay_mouth,uraga_channel,sagami_north,sagami_central,oshima_north_okata,oshima_west_motomachi; 横浜:tokyo_bay_mouth,uraga_channel,sagami_north,sagami_central,oshima_north_okata,oshima_west_motomachi; 久里浜:uraga_channel,sagami_north,sagami_central,oshima_north_okata,oshima_west_motomachi; 熱海:atami_offshore,sagami_north,sagami_central,oshima_north_okata,oshima_west_motomachi; 伊東:ito_offshore,sagami_central,oshima_north_okata,oshima_west_motomachi; 稲取:inatori_offshore,sagami_central,oshima_north_okata,oshima_west_motomachi; 館山:tateyama_offshore,sagami_central,oshima_north_okata,oshima_west_motomachi",出航時刻を含む時間格子から推定到着時刻以前まで,全地点・全時刻の算術平均,pressure_msl,weather,条件付きで再現可能,同じ11地点、JST時間窓、単位、欠損処理で未来予報を集計。予報モデル差の検証が必要
10,journey_pressure_msl_max,気象海象の加工値,海面更正気圧,hPa,便の対岸港別ルート地点をまとめて集計（地点別の列ではない）,"東京:tokyo_port,tokyo_bay_mouth,uraga_channel,sagami_north,sagami_central,oshima_north_okata,oshima_west_motomachi; 横浜:tokyo_bay_mouth,uraga_channel,sagami_north,sagami_central,oshima_north_okata,oshima_west_motomachi; 久里浜:uraga_channel,sagami_north,sagami_central,oshima_north_okata,oshima_west_motomachi; 熱海:atami_offshore,sagami_north,sagami_central,oshima_north_okata,oshima_west_motomachi; 伊東:ito_offshore,sagami_central,oshima_north_okata,oshima_west_motomachi; 稲取:inatori_offshore,sagami_central,oshima_north_okata,oshima_west_motomachi; 館山:tateyama_offshore,sagami_central,oshima_north_okata,oshima_west_motomachi",出航時刻を含む時間格子から推定到着時刻以前まで,全地点・全時刻の最大値,pressure_msl,weather,条件付きで再現可能,同じ11地点、JST時間窓、単位、欠損処理で未来予報を集計。予報モデル差の検証が必要
11,journey_pressure_msl_min,気象海象の加工値,海面更正気圧,hPa,便の対岸港別ルート地点をまとめて集計（地点別の列ではない）,"東京:tokyo_port,tokyo_bay_mouth,uraga_channel,sagami_north,sagami_central,oshima_north_okata,oshima_west_motomachi; 横浜:tokyo_bay_mouth,uraga_channel,sagami_north,sagami_central,oshima_north_okata,oshima_west_motomachi; 久里浜:uraga_channel,sagami_north,sagami_central,oshima_north_okata,oshima_west_motomachi; 熱海:atami_offshore,sagami_north,sagami_central,oshima_north_okata,oshima_west_motomachi; 伊東:ito_offshore,sagami_central,oshima_north_okata,oshima_west_motomachi; 稲取:inatori_offshore,sagami_central,oshima_north_okata,oshima_west_motomachi; 館山:tateyama_offshore,sagami_central,oshima_north_okata,oshima_west_motomachi",出航時刻を含む時間格子から推定到着時刻以前まで,全地点・全時刻の最小値,pressure_msl,weather,条件付きで再現可能,同じ11地点、JST時間窓、単位、欠損処理で未来予報を集計。予報モデル差の検証が必要
12,journey_precipitation_mean,気象海象の加工値,1時間降水量,mm,便の対岸港別ルート地点をまとめて集計（地点別の列ではない）,"東京:tokyo_port,tokyo_bay_mouth,uraga_channel,sagami_north,sagami_central,oshima_north_okata,oshima_west_motomachi; 横浜:tokyo_bay_mouth,uraga_channel,sagami_north,sagami_central,oshima_north_okata,oshima_west_motomachi; 久里浜:uraga_channel,sagami_north,sagami_central,oshima_north_okata,oshima_west_motomachi; 熱海:atami_offshore,sagami_north,sagami_central,oshima_north_okata,oshima_west_motomachi; 伊東:ito_offshore,sagami_central,oshima_north_okata,oshima_west_motomachi; 稲取:inatori_offshore,sagami_central,oshima_north_okata,oshima_west_motomachi; 館山:tateyama_offshore,sagami_central,oshima_north_okata,oshima_west_motomachi",出航時刻を含む時間格子から推定到着時刻以前まで,全地点・全時刻の算術平均,precipitation,weather,条件付きで再現可能,同じ11地点、JST時間窓、単位、欠損処理で未来予報を集計。予報モデル差の検証が必要
13,journey_precipitation_max,気象海象の加工値,1時間降水量,mm,便の対岸港別ルート地点をまとめて集計（地点別の列ではない）,"東京:tokyo_port,tokyo_bay_mouth,uraga_channel,sagami_north,sagami_central,oshima_north_okata,oshima_west_motomachi; 横浜:tokyo_bay_mouth,uraga_channel,sagami_north,sagami_central,oshima_north_okata,oshima_west_motomachi; 久里浜:uraga_channel,sagami_north,sagami_central,oshima_north_okata,oshima_west_motomachi; 熱海:atami_offshore,sagami_north,sagami_central,oshima_north_okata,oshima_west_motomachi; 伊東:ito_offshore,sagami_central,oshima_north_okata,oshima_west_motomachi; 稲取:inatori_offshore,sagami_central,oshima_north_okata,oshima_west_motomachi; 館山:tateyama_offshore,sagami_central,oshima_north_okata,oshima_west_motomachi",出航時刻を含む時間格子から推定到着時刻以前まで,全地点・全時刻の最大値,precipitation,weather,条件付きで再現可能,同じ11地点、JST時間窓、単位、欠損処理で未来予報を集計。予報モデル差の検証が必要
14,journey_precipitation_min,気象海象の加工値,1時間降水量,mm,便の対岸港別ルート地点をまとめて集計（地点別の列ではない）,"東京:tokyo_port,tokyo_bay_mouth,uraga_channel,sagami_north,sagami_central,oshima_north_okata,oshima_west_motomachi; 横浜:tokyo_bay_mouth,uraga_channel,sagami_north,sagami_central,oshima_north_okata,oshima_west_motomachi; 久里浜:uraga_channel,sagami_north,sagami_central,oshima_north_okata,oshima_west_motomachi; 熱海:atami_offshore,sagami_north,sagami_central,oshima_north_okata,oshima_west_motomachi; 伊東:ito_offshore,sagami_central,oshima_north_okata,oshima_west_motomachi; 稲取:inatori_offshore,sagami_central,oshima_north_okata,oshima_west_motomachi; 館山:tateyama_offshore,sagami_central,oshima_north_okata,oshima_west_motomachi",出航時刻を含む時間格子から推定到着時刻以前まで,全地点・全時刻の最小値,precipitation,weather,条件付きで再現可能,同じ11地点、JST時間窓、単位、欠損処理で未来予報を集計。予報モデル差の検証が必要
15,journey_cloud_cover_mean,気象海象の加工値,全雲量,%,便の対岸港別ルート地点をまとめて集計（地点別の列ではない）,"東京:tokyo_port,tokyo_bay_mouth,uraga_channel,sagami_north,sagami_central,oshima_north_okata,oshima_west_motomachi; 横浜:tokyo_bay_mouth,uraga_channel,sagami_north,sagami_central,oshima_north_okata,oshima_west_motomachi; 久里浜:uraga_channel,sagami_north,sagami_central,oshima_north_okata,oshima_west_motomachi; 熱海:atami_offshore,sagami_north,sagami_central,oshima_north_okata,oshima_west_motomachi; 伊東:ito_offshore,sagami_central,oshima_north_okata,oshima_west_motomachi; 稲取:inatori_offshore,sagami_central,oshima_north_okata,oshima_west_motomachi; 館山:tateyama_offshore,sagami_central,oshima_north_okata,oshima_west_motomachi",出航時刻を含む時間格子から推定到着時刻以前まで,全地点・全時刻の算術平均,cloud_cover,weather,条件付きで再現可能,同じ11地点、JST時間窓、単位、欠損処理で未来予報を集計。予報モデル差の検証が必要
16,journey_cloud_cover_max,気象海象の加工値,全雲量,%,便の対岸港別ルート地点をまとめて集計（地点別の列ではない）,"東京:tokyo_port,tokyo_bay_mouth,uraga_channel,sagami_north,sagami_central,oshima_north_okata,oshima_west_motomachi; 横浜:tokyo_bay_mouth,uraga_channel,sagami_north,sagami_central,oshima_north_okata,oshima_west_motomachi; 久里浜:uraga_channel,sagami_north,sagami_central,oshima_north_okata,oshima_west_motomachi; 熱海:atami_offshore,sagami_north,sagami_central,oshima_north_okata,oshima_west_motomachi; 伊東:ito_offshore,sagami_central,oshima_north_okata,oshima_west_motomachi; 稲取:inatori_offshore,sagami_central,oshima_north_okata,oshima_west_motomachi; 館山:tateyama_offshore,sagami_central,oshima_north_okata,oshima_west_motomachi",出航時刻を含む時間格子から推定到着時刻以前まで,全地点・全時刻の最大値,cloud_cover,weather,条件付きで再現可能,同じ11地点、JST時間窓、単位、欠損処理で未来予報を集計。予報モデル差の検証が必要
17,journey_cloud_cover_min,気象海象の加工値,全雲量,%,便の対岸港別ルート地点をまとめて集計（地点別の列ではない）,"東京:tokyo_port,tokyo_bay_mouth,uraga_channel,sagami_north,sagami_central,oshima_north_okata,oshima_west_motomachi; 横浜:tokyo_bay_mouth,uraga_channel,sagami_north,sagami_central,oshima_north_okata,oshima_west_motomachi; 久里浜:uraga_channel,sagami_north,sagami_central,oshima_north_okata,oshima_west_motomachi; 熱海:atami_offshore,sagami_north,sagami_central,oshima_north_okata,oshima_west_motomachi; 伊東:ito_offshore,sagami_central,oshima_north_okata,oshima_west_motomachi; 稲取:inatori_offshore,sagami_central,oshima_north_okata,oshima_west_motomachi; 館山:tateyama_offshore,sagami_central,oshima_north_okata,oshima_west_motomachi",出航時刻を含む時間格子から推定到着時刻以前まで,全地点・全時刻の最小値,cloud_cover,weather,条件付きで再現可能,同じ11地点、JST時間窓、単位、欠損処理で未来予報を集計。予報モデル差の検証が必要
18,journey_wave_height_mean,気象海象の加工値,有義波高,m,便の対岸港別ルート地点をまとめて集計（地点別の列ではない）,"東京:tokyo_port,tokyo_bay_mouth,uraga_channel,sagami_north,sagami_central,oshima_north_okata,oshima_west_motomachi; 横浜:tokyo_bay_mouth,uraga_channel,sagami_north,sagami_central,oshima_north_okata,oshima_west_motomachi; 久里浜:uraga_channel,sagami_north,sagami_central,oshima_north_okata,oshima_west_motomachi; 熱海:atami_offshore,sagami_north,sagami_central,oshima_north_okata,oshima_west_motomachi; 伊東:ito_offshore,sagami_central,oshima_north_okata,oshima_west_motomachi; 稲取:inatori_offshore,sagami_central,oshima_north_okata,oshima_west_motomachi; 館山:tateyama_offshore,sagami_central,oshima_north_okata,oshima_west_motomachi",出航時刻を含む時間格子から推定到着時刻以前まで,全地点・全時刻の算術平均,wave_height,marine,条件付きで再現可能,同じ11地点、JST時間窓、単位、欠損処理で未来予報を集計。予報モデル差の検証が必要
19,journey_wave_height_max,気象海象の加工値,有義波高,m,便の対岸港別ルート地点をまとめて集計（地点別の列ではない）,"東京:tokyo_port,tokyo_bay_mouth,uraga_channel,sagami_north,sagami_central,oshima_north_okata,oshima_west_motomachi; 横浜:tokyo_bay_mouth,uraga_channel,sagami_north,sagami_central,oshima_north_okata,oshima_west_motomachi; 久里浜:uraga_channel,sagami_north,sagami_central,oshima_north_okata,oshima_west_motomachi; 熱海:atami_offshore,sagami_north,sagami_central,oshima_north_okata,oshima_west_motomachi; 伊東:ito_offshore,sagami_central,oshima_north_okata,oshima_west_motomachi; 稲取:inatori_offshore,sagami_central,oshima_north_okata,oshima_west_motomachi; 館山:tateyama_offshore,sagami_central,oshima_north_okata,oshima_west_motomachi",出航時刻を含む時間格子から推定到着時刻以前まで,全地点・全時刻の最大値,wave_height,marine,条件付きで再現可能,同じ11地点、JST時間窓、単位、欠損処理で未来予報を集計。予報モデル差の検証が必要
20,journey_wave_height_min,気象海象の加工値,有義波高,m,便の対岸港別ルート地点をまとめて集計（地点別の列ではない）,"東京:tokyo_port,tokyo_bay_mouth,uraga_channel,sagami_north,sagami_central,oshima_north_okata,oshima_west_motomachi; 横浜:tokyo_bay_mouth,uraga_channel,sagami_north,sagami_central,oshima_north_okata,oshima_west_motomachi; 久里浜:uraga_channel,sagami_north,sagami_central,oshima_north_okata,oshima_west_motomachi; 熱海:atami_offshore,sagami_north,sagami_central,oshima_north_okata,oshima_west_motomachi; 伊東:ito_offshore,sagami_central,oshima_north_okata,oshima_west_motomachi; 稲取:inatori_offshore,sagami_central,oshima_north_okata,oshima_west_motomachi; 館山:tateyama_offshore,sagami_central,oshima_north_okata,oshima_west_motomachi",出航時刻を含む時間格子から推定到着時刻以前まで,全地点・全時刻の最小値,wave_height,marine,条件付きで再現可能,同じ11地点、JST時間窓、単位、欠損処理で未来予報を集計。予報モデル差の検証が必要
21,journey_wave_direction_sin_mean,気象海象の加工値,波向（波が来る方向）,degree → sin/cos,便の対岸港別ルート地点をまとめて集計（地点別の列ではない）,"東京:tokyo_port,tokyo_bay_mouth,uraga_channel,sagami_north,sagami_central,oshima_north_okata,oshima_west_motomachi; 横浜:tokyo_bay_mouth,uraga_channel,sagami_north,sagami_central,oshima_north_okata,oshima_west_motomachi; 久里浜:uraga_channel,sagami_north,sagami_central,oshima_north_okata,oshima_west_motomachi; 熱海:atami_offshore,sagami_north,sagami_central,oshima_north_okata,oshima_west_motomachi; 伊東:ito_offshore,sagami_central,oshima_north_okata,oshima_west_motomachi; 稲取:inatori_offshore,sagami_central,oshima_north_okata,oshima_west_motomachi; 館山:tateyama_offshore,sagami_central,oshima_north_okata,oshima_west_motomachi",出航時刻を含む時間格子から推定到着時刻以前まで,全地点・全時刻の角度をsin変換して平均,wave_direction,marine,条件付きで再現可能,同じ11地点、JST時間窓、単位、欠損処理で未来予報を集計。予報モデル差の検証が必要
22,journey_wave_direction_cos_mean,気象海象の加工値,波向（波が来る方向）,degree → sin/cos,便の対岸港別ルート地点をまとめて集計（地点別の列ではない）,"東京:tokyo_port,tokyo_bay_mouth,uraga_channel,sagami_north,sagami_central,oshima_north_okata,oshima_west_motomachi; 横浜:tokyo_bay_mouth,uraga_channel,sagami_north,sagami_central,oshima_north_okata,oshima_west_motomachi; 久里浜:uraga_channel,sagami_north,sagami_central,oshima_north_okata,oshima_west_motomachi; 熱海:atami_offshore,sagami_north,sagami_central,oshima_north_okata,oshima_west_motomachi; 伊東:ito_offshore,sagami_central,oshima_north_okata,oshima_west_motomachi; 稲取:inatori_offshore,sagami_central,oshima_north_okata,oshima_west_motomachi; 館山:tateyama_offshore,sagami_central,oshima_north_okata,oshima_west_motomachi",出航時刻を含む時間格子から推定到着時刻以前まで,全地点・全時刻の角度をcos変換して平均,wave_direction,marine,条件付きで再現可能,同じ11地点、JST時間窓、単位、欠損処理で未来予報を集計。予報モデル差の検証が必要
23,journey_wave_period_mean,気象海象の加工値,平均波周期,s,便の対岸港別ルート地点をまとめて集計（地点別の列ではない）,"東京:tokyo_port,tokyo_bay_mouth,uraga_channel,sagami_north,sagami_central,oshima_north_okata,oshima_west_motomachi; 横浜:tokyo_bay_mouth,uraga_channel,sagami_north,sagami_central,oshima_north_okata,oshima_west_motomachi; 久里浜:uraga_channel,sagami_north,sagami_central,oshima_north_okata,oshima_west_motomachi; 熱海:atami_offshore,sagami_north,sagami_central,oshima_north_okata,oshima_west_motomachi; 伊東:ito_offshore,sagami_central,oshima_north_okata,oshima_west_motomachi; 稲取:inatori_offshore,sagami_central,oshima_north_okata,oshima_west_motomachi; 館山:tateyama_offshore,sagami_central,oshima_north_okata,oshima_west_motomachi",出航時刻を含む時間格子から推定到着時刻以前まで,全地点・全時刻の算術平均,wave_period,marine,条件付きで再現可能,同じ11地点、JST時間窓、単位、欠損処理で未来予報を集計。予報モデル差の検証が必要
24,journey_wave_period_max,気象海象の加工値,平均波周期,s,便の対岸港別ルート地点をまとめて集計（地点別の列ではない）,"東京:tokyo_port,tokyo_bay_mouth,uraga_channel,sagami_north,sagami_central,oshima_north_okata,oshima_west_motomachi; 横浜:tokyo_bay_mouth,uraga_channel,sagami_north,sagami_central,oshima_north_okata,oshima_west_motomachi; 久里浜:uraga_channel,sagami_north,sagami_central,oshima_north_okata,oshima_west_motomachi; 熱海:atami_offshore,sagami_north,sagami_central,oshima_north_okata,oshima_west_motomachi; 伊東:ito_offshore,sagami_central,oshima_north_okata,oshima_west_motomachi; 稲取:inatori_offshore,sagami_central,oshima_north_okata,oshima_west_motomachi; 館山:tateyama_offshore,sagami_central,oshima_north_okata,oshima_west_motomachi",出航時刻を含む時間格子から推定到着時刻以前まで,全地点・全時刻の最大値,wave_period,marine,条件付きで再現可能,同じ11地点、JST時間窓、単位、欠損処理で未来予報を集計。予報モデル差の検証が必要
25,journey_wave_period_min,気象海象の加工値,平均波周期,s,便の対岸港別ルート地点をまとめて集計（地点別の列ではない）,"東京:tokyo_port,tokyo_bay_mouth,uraga_channel,sagami_north,sagami_central,oshima_north_okata,oshima_west_motomachi; 横浜:tokyo_bay_mouth,uraga_channel,sagami_north,sagami_central,oshima_north_okata,oshima_west_motomachi; 久里浜:uraga_channel,sagami_north,sagami_central,oshima_north_okata,oshima_west_motomachi; 熱海:atami_offshore,sagami_north,sagami_central,oshima_north_okata,oshima_west_motomachi; 伊東:ito_offshore,sagami_central,oshima_north_okata,oshima_west_motomachi; 稲取:inatori_offshore,sagami_central,oshima_north_okata,oshima_west_motomachi; 館山:tateyama_offshore,sagami_central,oshima_north_okata,oshima_west_motomachi",出航時刻を含む時間格子から推定到着時刻以前まで,全地点・全時刻の最小値,wave_period,marine,条件付きで再現可能,同じ11地点、JST時間窓、単位、欠損処理で未来予報を集計。予報モデル差の検証が必要
26,journey_wind_wave_height_mean,気象海象の加工値,風浪高,m,便の対岸港別ルート地点をまとめて集計（地点別の列ではない）,"東京:tokyo_port,tokyo_bay_mouth,uraga_channel,sagami_north,sagami_central,oshima_north_okata,oshima_west_motomachi; 横浜:tokyo_bay_mouth,uraga_channel,sagami_north,sagami_central,oshima_north_okata,oshima_west_motomachi; 久里浜:uraga_channel,sagami_north,sagami_central,oshima_north_okata,oshima_west_motomachi; 熱海:atami_offshore,sagami_north,sagami_central,oshima_north_okata,oshima_west_motomachi; 伊東:ito_offshore,sagami_central,oshima_north_okata,oshima_west_motomachi; 稲取:inatori_offshore,sagami_central,oshima_north_okata,oshima_west_motomachi; 館山:tateyama_offshore,sagami_central,oshima_north_okata,oshima_west_motomachi",出航時刻を含む時間格子から推定到着時刻以前まで,全地点・全時刻の算術平均,wind_wave_height,marine,条件付きで再現可能,同じ11地点、JST時間窓、単位、欠損処理で未来予報を集計。予報モデル差の検証が必要
27,journey_wind_wave_height_max,気象海象の加工値,風浪高,m,便の対岸港別ルート地点をまとめて集計（地点別の列ではない）,"東京:tokyo_port,tokyo_bay_mouth,uraga_channel,sagami_north,sagami_central,oshima_north_okata,oshima_west_motomachi; 横浜:tokyo_bay_mouth,uraga_channel,sagami_north,sagami_central,oshima_north_okata,oshima_west_motomachi; 久里浜:uraga_channel,sagami_north,sagami_central,oshima_north_okata,oshima_west_motomachi; 熱海:atami_offshore,sagami_north,sagami_central,oshima_north_okata,oshima_west_motomachi; 伊東:ito_offshore,sagami_central,oshima_north_okata,oshima_west_motomachi; 稲取:inatori_offshore,sagami_central,oshima_north_okata,oshima_west_motomachi; 館山:tateyama_offshore,sagami_central,oshima_north_okata,oshima_west_motomachi",出航時刻を含む時間格子から推定到着時刻以前まで,全地点・全時刻の最大値,wind_wave_height,marine,条件付きで再現可能,同じ11地点、JST時間窓、単位、欠損処理で未来予報を集計。予報モデル差の検証が必要
28,journey_wind_wave_height_min,気象海象の加工値,風浪高,m,便の対岸港別ルート地点をまとめて集計（地点別の列ではない）,"東京:tokyo_port,tokyo_bay_mouth,uraga_channel,sagami_north,sagami_central,oshima_north_okata,oshima_west_motomachi; 横浜:tokyo_bay_mouth,uraga_channel,sagami_north,sagami_central,oshima_north_okata,oshima_west_motomachi; 久里浜:uraga_channel,sagami_north,sagami_central,oshima_north_okata,oshima_west_motomachi; 熱海:atami_offshore,sagami_north,sagami_central,oshima_north_okata,oshima_west_motomachi; 伊東:ito_offshore,sagami_central,oshima_north_okata,oshima_west_motomachi; 稲取:inatori_offshore,sagami_central,oshima_north_okata,oshima_west_motomachi; 館山:tateyama_offshore,sagami_central,oshima_north_okata,oshima_west_motomachi",出航時刻を含む時間格子から推定到着時刻以前まで,全地点・全時刻の最小値,wind_wave_height,marine,条件付きで再現可能,同じ11地点、JST時間窓、単位、欠損処理で未来予報を集計。予報モデル差の検証が必要
29,journey_wind_wave_direction_sin_mean,気象海象の加工値,風浪向,degree → sin/cos,便の対岸港別ルート地点をまとめて集計（地点別の列ではない）,"東京:tokyo_port,tokyo_bay_mouth,uraga_channel,sagami_north,sagami_central,oshima_north_okata,oshima_west_motomachi; 横浜:tokyo_bay_mouth,uraga_channel,sagami_north,sagami_central,oshima_north_okata,oshima_west_motomachi; 久里浜:uraga_channel,sagami_north,sagami_central,oshima_north_okata,oshima_west_motomachi; 熱海:atami_offshore,sagami_north,sagami_central,oshima_north_okata,oshima_west_motomachi; 伊東:ito_offshore,sagami_central,oshima_north_okata,oshima_west_motomachi; 稲取:inatori_offshore,sagami_central,oshima_north_okata,oshima_west_motomachi; 館山:tateyama_offshore,sagami_central,oshima_north_okata,oshima_west_motomachi",出航時刻を含む時間格子から推定到着時刻以前まで,全地点・全時刻の角度をsin変換して平均,wind_wave_direction,marine,条件付きで再現可能,同じ11地点、JST時間窓、単位、欠損処理で未来予報を集計。予報モデル差の検証が必要
30,journey_wind_wave_direction_cos_mean,気象海象の加工値,風浪向,degree → sin/cos,便の対岸港別ルート地点をまとめて集計（地点別の列ではない）,"東京:tokyo_port,tokyo_bay_mouth,uraga_channel,sagami_north,sagami_central,oshima_north_okata,oshima_west_motomachi; 横浜:tokyo_bay_mouth,uraga_channel,sagami_north,sagami_central,oshima_north_okata,oshima_west_motomachi; 久里浜:uraga_channel,sagami_north,sagami_central,oshima_north_okata,oshima_west_motomachi; 熱海:atami_offshore,sagami_north,sagami_central,oshima_north_okata,oshima_west_motomachi; 伊東:ito_offshore,sagami_central,oshima_north_okata,oshima_west_motomachi; 稲取:inatori_offshore,sagami_central,oshima_north_okata,oshima_west_motomachi; 館山:tateyama_offshore,sagami_central,oshima_north_okata,oshima_west_motomachi",出航時刻を含む時間格子から推定到着時刻以前まで,全地点・全時刻の角度をcos変換して平均,wind_wave_direction,marine,条件付きで再現可能,同じ11地点、JST時間窓、単位、欠損処理で未来予報を集計。予報モデル差の検証が必要
31,journey_wind_wave_period_mean,気象海象の加工値,風浪周期,s,便の対岸港別ルート地点をまとめて集計（地点別の列ではない）,"東京:tokyo_port,tokyo_bay_mouth,uraga_channel,sagami_north,sagami_central,oshima_north_okata,oshima_west_motomachi; 横浜:tokyo_bay_mouth,uraga_channel,sagami_north,sagami_central,oshima_north_okata,oshima_west_motomachi; 久里浜:uraga_channel,sagami_north,sagami_central,oshima_north_okata,oshima_west_motomachi; 熱海:atami_offshore,sagami_north,sagami_central,oshima_north_okata,oshima_west_motomachi; 伊東:ito_offshore,sagami_central,oshima_north_okata,oshima_west_motomachi; 稲取:inatori_offshore,sagami_central,oshima_north_okata,oshima_west_motomachi; 館山:tateyama_offshore,sagami_central,oshima_north_okata,oshima_west_motomachi",出航時刻を含む時間格子から推定到着時刻以前まで,全地点・全時刻の算術平均,wind_wave_period,marine,条件付きで再現可能,同じ11地点、JST時間窓、単位、欠損処理で未来予報を集計。予報モデル差の検証が必要
32,journey_wind_wave_period_max,気象海象の加工値,風浪周期,s,便の対岸港別ルート地点をまとめて集計（地点別の列ではない）,"東京:tokyo_port,tokyo_bay_mouth,uraga_channel,sagami_north,sagami_central,oshima_north_okata,oshima_west_motomachi; 横浜:tokyo_bay_mouth,uraga_channel,sagami_north,sagami_central,oshima_north_okata,oshima_west_motomachi; 久里浜:uraga_channel,sagami_north,sagami_central,oshima_north_okata,oshima_west_motomachi; 熱海:atami_offshore,sagami_north,sagami_central,oshima_north_okata,oshima_west_motomachi; 伊東:ito_offshore,sagami_central,oshima_north_okata,oshima_west_motomachi; 稲取:inatori_offshore,sagami_central,oshima_north_okata,oshima_west_motomachi; 館山:tateyama_offshore,sagami_central,oshima_north_okata,oshima_west_motomachi",出航時刻を含む時間格子から推定到着時刻以前まで,全地点・全時刻の最大値,wind_wave_period,marine,条件付きで再現可能,同じ11地点、JST時間窓、単位、欠損処理で未来予報を集計。予報モデル差の検証が必要
33,journey_wind_wave_period_min,気象海象の加工値,風浪周期,s,便の対岸港別ルート地点をまとめて集計（地点別の列ではない）,"東京:tokyo_port,tokyo_bay_mouth,uraga_channel,sagami_north,sagami_central,oshima_north_okata,oshima_west_motomachi; 横浜:tokyo_bay_mouth,uraga_channel,sagami_north,sagami_central,oshima_north_okata,oshima_west_motomachi; 久里浜:uraga_channel,sagami_north,sagami_central,oshima_north_okata,oshima_west_motomachi; 熱海:atami_offshore,sagami_north,sagami_central,oshima_north_okata,oshima_west_motomachi; 伊東:ito_offshore,sagami_central,oshima_north_okata,oshima_west_motomachi; 稲取:inatori_offshore,sagami_central,oshima_north_okata,oshima_west_motomachi; 館山:tateyama_offshore,sagami_central,oshima_north_okata,oshima_west_motomachi",出航時刻を含む時間格子から推定到着時刻以前まで,全地点・全時刻の最小値,wind_wave_period,marine,条件付きで再現可能,同じ11地点、JST時間窓、単位、欠損処理で未来予報を集計。予報モデル差の検証が必要
34,journey_swell_wave_height_mean,気象海象の加工値,うねり高,m,便の対岸港別ルート地点をまとめて集計（地点別の列ではない）,"東京:tokyo_port,tokyo_bay_mouth,uraga_channel,sagami_north,sagami_central,oshima_north_okata,oshima_west_motomachi; 横浜:tokyo_bay_mouth,uraga_channel,sagami_north,sagami_central,oshima_north_okata,oshima_west_motomachi; 久里浜:uraga_channel,sagami_north,sagami_central,oshima_north_okata,oshima_west_motomachi; 熱海:atami_offshore,sagami_north,sagami_central,oshima_north_okata,oshima_west_motomachi; 伊東:ito_offshore,sagami_central,oshima_north_okata,oshima_west_motomachi; 稲取:inatori_offshore,sagami_central,oshima_north_okata,oshima_west_motomachi; 館山:tateyama_offshore,sagami_central,oshima_north_okata,oshima_west_motomachi",出航時刻を含む時間格子から推定到着時刻以前まで,全地点・全時刻の算術平均,swell_wave_height,marine,条件付きで再現可能,同じ11地点、JST時間窓、単位、欠損処理で未来予報を集計。予報モデル差の検証が必要
35,journey_swell_wave_height_max,気象海象の加工値,うねり高,m,便の対岸港別ルート地点をまとめて集計（地点別の列ではない）,"東京:tokyo_port,tokyo_bay_mouth,uraga_channel,sagami_north,sagami_central,oshima_north_okata,oshima_west_motomachi; 横浜:tokyo_bay_mouth,uraga_channel,sagami_north,sagami_central,oshima_north_okata,oshima_west_motomachi; 久里浜:uraga_channel,sagami_north,sagami_central,oshima_north_okata,oshima_west_motomachi; 熱海:atami_offshore,sagami_north,sagami_central,oshima_north_okata,oshima_west_motomachi; 伊東:ito_offshore,sagami_central,oshima_north_okata,oshima_west_motomachi; 稲取:inatori_offshore,sagami_central,oshima_north_okata,oshima_west_motomachi; 館山:tateyama_offshore,sagami_central,oshima_north_okata,oshima_west_motomachi",出航時刻を含む時間格子から推定到着時刻以前まで,全地点・全時刻の最大値,swell_wave_height,marine,条件付きで再現可能,同じ11地点、JST時間窓、単位、欠損処理で未来予報を集計。予報モデル差の検証が必要
36,journey_swell_wave_height_min,気象海象の加工値,うねり高,m,便の対岸港別ルート地点をまとめて集計（地点別の列ではない）,"東京:tokyo_port,tokyo_bay_mouth,uraga_channel,sagami_north,sagami_central,oshima_north_okata,oshima_west_motomachi; 横浜:tokyo_bay_mouth,uraga_channel,sagami_north,sagami_central,oshima_north_okata,oshima_west_motomachi; 久里浜:uraga_channel,sagami_north,sagami_central,oshima_north_okata,oshima_west_motomachi; 熱海:atami_offshore,sagami_north,sagami_central,oshima_north_okata,oshima_west_motomachi; 伊東:ito_offshore,sagami_central,oshima_north_okata,oshima_west_motomachi; 稲取:inatori_offshore,sagami_central,oshima_north_okata,oshima_west_motomachi; 館山:tateyama_offshore,sagami_central,oshima_north_okata,oshima_west_motomachi",出航時刻を含む時間格子から推定到着時刻以前まで,全地点・全時刻の最小値,swell_wave_height,marine,条件付きで再現可能,同じ11地点、JST時間窓、単位、欠損処理で未来予報を集計。予報モデル差の検証が必要
37,journey_swell_wave_direction_sin_mean,気象海象の加工値,うねり向,degree → sin/cos,便の対岸港別ルート地点をまとめて集計（地点別の列ではない）,"東京:tokyo_port,tokyo_bay_mouth,uraga_channel,sagami_north,sagami_central,oshima_north_okata,oshima_west_motomachi; 横浜:tokyo_bay_mouth,uraga_channel,sagami_north,sagami_central,oshima_north_okata,oshima_west_motomachi; 久里浜:uraga_channel,sagami_north,sagami_central,oshima_north_okata,oshima_west_motomachi; 熱海:atami_offshore,sagami_north,sagami_central,oshima_north_okata,oshima_west_motomachi; 伊東:ito_offshore,sagami_central,oshima_north_okata,oshima_west_motomachi; 稲取:inatori_offshore,sagami_central,oshima_north_okata,oshima_west_motomachi; 館山:tateyama_offshore,sagami_central,oshima_north_okata,oshima_west_motomachi",出航時刻を含む時間格子から推定到着時刻以前まで,全地点・全時刻の角度をsin変換して平均,swell_wave_direction,marine,条件付きで再現可能,同じ11地点、JST時間窓、単位、欠損処理で未来予報を集計。予報モデル差の検証が必要
38,journey_swell_wave_direction_cos_mean,気象海象の加工値,うねり向,degree → sin/cos,便の対岸港別ルート地点をまとめて集計（地点別の列ではない）,"東京:tokyo_port,tokyo_bay_mouth,uraga_channel,sagami_north,sagami_central,oshima_north_okata,oshima_west_motomachi; 横浜:tokyo_bay_mouth,uraga_channel,sagami_north,sagami_central,oshima_north_okata,oshima_west_motomachi; 久里浜:uraga_channel,sagami_north,sagami_central,oshima_north_okata,oshima_west_motomachi; 熱海:atami_offshore,sagami_north,sagami_central,oshima_north_okata,oshima_west_motomachi; 伊東:ito_offshore,sagami_central,oshima_north_okata,oshima_west_motomachi; 稲取:inatori_offshore,sagami_central,oshima_north_okata,oshima_west_motomachi; 館山:tateyama_offshore,sagami_central,oshima_north_okata,oshima_west_motomachi",出航時刻を含む時間格子から推定到着時刻以前まで,全地点・全時刻の角度をcos変換して平均,swell_wave_direction,marine,条件付きで再現可能,同じ11地点、JST時間窓、単位、欠損処理で未来予報を集計。予報モデル差の検証が必要
39,journey_swell_wave_period_mean,気象海象の加工値,うねり周期,s,便の対岸港別ルート地点をまとめて集計（地点別の列ではない）,"東京:tokyo_port,tokyo_bay_mouth,uraga_channel,sagami_north,sagami_central,oshima_north_okata,oshima_west_motomachi; 横浜:tokyo_bay_mouth,uraga_channel,sagami_north,sagami_central,oshima_north_okata,oshima_west_motomachi; 久里浜:uraga_channel,sagami_north,sagami_central,oshima_north_okata,oshima_west_motomachi; 熱海:atami_offshore,sagami_north,sagami_central,oshima_north_okata,oshima_west_motomachi; 伊東:ito_offshore,sagami_central,oshima_north_okata,oshima_west_motomachi; 稲取:inatori_offshore,sagami_central,oshima_north_okata,oshima_west_motomachi; 館山:tateyama_offshore,sagami_central,oshima_north_okata,oshima_west_motomachi",出航時刻を含む時間格子から推定到着時刻以前まで,全地点・全時刻の算術平均,swell_wave_period,marine,条件付きで再現可能,同じ11地点、JST時間窓、単位、欠損処理で未来予報を集計。予報モデル差の検証が必要
40,journey_swell_wave_period_max,気象海象の加工値,うねり周期,s,便の対岸港別ルート地点をまとめて集計（地点別の列ではない）,"東京:tokyo_port,tokyo_bay_mouth,uraga_channel,sagami_north,sagami_central,oshima_north_okata,oshima_west_motomachi; 横浜:tokyo_bay_mouth,uraga_channel,sagami_north,sagami_central,oshima_north_okata,oshima_west_motomachi; 久里浜:uraga_channel,sagami_north,sagami_central,oshima_north_okata,oshima_west_motomachi; 熱海:atami_offshore,sagami_north,sagami_central,oshima_north_okata,oshima_west_motomachi; 伊東:ito_offshore,sagami_central,oshima_north_okata,oshima_west_motomachi; 稲取:inatori_offshore,sagami_central,oshima_north_okata,oshima_west_motomachi; 館山:tateyama_offshore,sagami_central,oshima_north_okata,oshima_west_motomachi",出航時刻を含む時間格子から推定到着時刻以前まで,全地点・全時刻の最大値,swell_wave_period,marine,条件付きで再現可能,同じ11地点、JST時間窓、単位、欠損処理で未来予報を集計。予報モデル差の検証が必要
41,journey_swell_wave_period_min,気象海象の加工値,うねり周期,s,便の対岸港別ルート地点をまとめて集計（地点別の列ではない）,"東京:tokyo_port,tokyo_bay_mouth,uraga_channel,sagami_north,sagami_central,oshima_north_okata,oshima_west_motomachi; 横浜:tokyo_bay_mouth,uraga_channel,sagami_north,sagami_central,oshima_north_okata,oshima_west_motomachi; 久里浜:uraga_channel,sagami_north,sagami_central,oshima_north_okata,oshima_west_motomachi; 熱海:atami_offshore,sagami_north,sagami_central,oshima_north_okata,oshima_west_motomachi; 伊東:ito_offshore,sagami_central,oshima_north_okata,oshima_west_motomachi; 稲取:inatori_offshore,sagami_central,oshima_north_okata,oshima_west_motomachi; 館山:tateyama_offshore,sagami_central,oshima_north_okata,oshima_west_motomachi",出航時刻を含む時間格子から推定到着時刻以前まで,全地点・全時刻の最小値,swell_wave_period,marine,条件付きで再現可能,同じ11地点、JST時間窓、単位、欠損処理で未来予報を集計。予報モデル差の検証が必要
42,pre3h_wind_speed_10m_mean,気象海象の加工値,10m風速,m/s,便の対岸港別ルート地点をまとめて集計（地点別の列ではない）,"東京:tokyo_port,tokyo_bay_mouth,uraga_channel,sagami_north,sagami_central,oshima_north_okata,oshima_west_motomachi; 横浜:tokyo_bay_mouth,uraga_channel,sagami_north,sagami_central,oshima_north_okata,oshima_west_motomachi; 久里浜:uraga_channel,sagami_north,sagami_central,oshima_north_okata,oshima_west_motomachi; 熱海:atami_offshore,sagami_north,sagami_central,oshima_north_okata,oshima_west_motomachi; 伊東:ito_offshore,sagami_central,oshima_north_okata,oshima_west_motomachi; 稲取:inatori_offshore,sagami_central,oshima_north_okata,oshima_west_motomachi; 館山:tateyama_offshore,sagami_central,oshima_north_okata,oshima_west_motomachi",出航時刻の3時間前以上、出航時刻以前（整数時刻のみ）,全地点・全時刻の算術平均,wind_speed_10m,weather,条件付きで再現可能,同じ11地点、JST時間窓、単位、欠損処理で未来予報を集計。予報モデル差の検証が必要
43,pre3h_wind_speed_10m_max,気象海象の加工値,10m風速,m/s,便の対岸港別ルート地点をまとめて集計（地点別の列ではない）,"東京:tokyo_port,tokyo_bay_mouth,uraga_channel,sagami_north,sagami_central,oshima_north_okata,oshima_west_motomachi; 横浜:tokyo_bay_mouth,uraga_channel,sagami_north,sagami_central,oshima_north_okata,oshima_west_motomachi; 久里浜:uraga_channel,sagami_north,sagami_central,oshima_north_okata,oshima_west_motomachi; 熱海:atami_offshore,sagami_north,sagami_central,oshima_north_okata,oshima_west_motomachi; 伊東:ito_offshore,sagami_central,oshima_north_okata,oshima_west_motomachi; 稲取:inatori_offshore,sagami_central,oshima_north_okata,oshima_west_motomachi; 館山:tateyama_offshore,sagami_central,oshima_north_okata,oshima_west_motomachi",出航時刻の3時間前以上、出航時刻以前（整数時刻のみ）,全地点・全時刻の最大値,wind_speed_10m,weather,条件付きで再現可能,同じ11地点、JST時間窓、単位、欠損処理で未来予報を集計。予報モデル差の検証が必要
44,pre3h_wind_speed_10m_min,気象海象の加工値,10m風速,m/s,便の対岸港別ルート地点をまとめて集計（地点別の列ではない）,"東京:tokyo_port,tokyo_bay_mouth,uraga_channel,sagami_north,sagami_central,oshima_north_okata,oshima_west_motomachi; 横浜:tokyo_bay_mouth,uraga_channel,sagami_north,sagami_central,oshima_north_okata,oshima_west_motomachi; 久里浜:uraga_channel,sagami_north,sagami_central,oshima_north_okata,oshima_west_motomachi; 熱海:atami_offshore,sagami_north,sagami_central,oshima_north_okata,oshima_west_motomachi; 伊東:ito_offshore,sagami_central,oshima_north_okata,oshima_west_motomachi; 稲取:inatori_offshore,sagami_central,oshima_north_okata,oshima_west_motomachi; 館山:tateyama_offshore,sagami_central,oshima_north_okata,oshima_west_motomachi",出航時刻の3時間前以上、出航時刻以前（整数時刻のみ）,全地点・全時刻の最小値,wind_speed_10m,weather,条件付きで再現可能,同じ11地点、JST時間窓、単位、欠損処理で未来予報を集計。予報モデル差の検証が必要
45,pre3h_wind_gusts_10m_mean,気象海象の加工値,10m最大瞬間風速,m/s,便の対岸港別ルート地点をまとめて集計（地点別の列ではない）,"東京:tokyo_port,tokyo_bay_mouth,uraga_channel,sagami_north,sagami_central,oshima_north_okata,oshima_west_motomachi; 横浜:tokyo_bay_mouth,uraga_channel,sagami_north,sagami_central,oshima_north_okata,oshima_west_motomachi; 久里浜:uraga_channel,sagami_north,sagami_central,oshima_north_okata,oshima_west_motomachi; 熱海:atami_offshore,sagami_north,sagami_central,oshima_north_okata,oshima_west_motomachi; 伊東:ito_offshore,sagami_central,oshima_north_okata,oshima_west_motomachi; 稲取:inatori_offshore,sagami_central,oshima_north_okata,oshima_west_motomachi; 館山:tateyama_offshore,sagami_central,oshima_north_okata,oshima_west_motomachi",出航時刻の3時間前以上、出航時刻以前（整数時刻のみ）,全地点・全時刻の算術平均,wind_gusts_10m,weather,条件付きで再現可能,同じ11地点、JST時間窓、単位、欠損処理で未来予報を集計。予報モデル差の検証が必要
46,pre3h_wind_gusts_10m_max,気象海象の加工値,10m最大瞬間風速,m/s,便の対岸港別ルート地点をまとめて集計（地点別の列ではない）,"東京:tokyo_port,tokyo_bay_mouth,uraga_channel,sagami_north,sagami_central,oshima_north_okata,oshima_west_motomachi; 横浜:tokyo_bay_mouth,uraga_channel,sagami_north,sagami_central,oshima_north_okata,oshima_west_motomachi; 久里浜:uraga_channel,sagami_north,sagami_central,oshima_north_okata,oshima_west_motomachi; 熱海:atami_offshore,sagami_north,sagami_central,oshima_north_okata,oshima_west_motomachi; 伊東:ito_offshore,sagami_central,oshima_north_okata,oshima_west_motomachi; 稲取:inatori_offshore,sagami_central,oshima_north_okata,oshima_west_motomachi; 館山:tateyama_offshore,sagami_central,oshima_north_okata,oshima_west_motomachi",出航時刻の3時間前以上、出航時刻以前（整数時刻のみ）,全地点・全時刻の最大値,wind_gusts_10m,weather,条件付きで再現可能,同じ11地点、JST時間窓、単位、欠損処理で未来予報を集計。予報モデル差の検証が必要
47,pre3h_wind_gusts_10m_min,気象海象の加工値,10m最大瞬間風速,m/s,便の対岸港別ルート地点をまとめて集計（地点別の列ではない）,"東京:tokyo_port,tokyo_bay_mouth,uraga_channel,sagami_north,sagami_central,oshima_north_okata,oshima_west_motomachi; 横浜:tokyo_bay_mouth,uraga_channel,sagami_north,sagami_central,oshima_north_okata,oshima_west_motomachi; 久里浜:uraga_channel,sagami_north,sagami_central,oshima_north_okata,oshima_west_motomachi; 熱海:atami_offshore,sagami_north,sagami_central,oshima_north_okata,oshima_west_motomachi; 伊東:ito_offshore,sagami_central,oshima_north_okata,oshima_west_motomachi; 稲取:inatori_offshore,sagami_central,oshima_north_okata,oshima_west_motomachi; 館山:tateyama_offshore,sagami_central,oshima_north_okata,oshima_west_motomachi",出航時刻の3時間前以上、出航時刻以前（整数時刻のみ）,全地点・全時刻の最小値,wind_gusts_10m,weather,条件付きで再現可能,同じ11地点、JST時間窓、単位、欠損処理で未来予報を集計。予報モデル差の検証が必要
48,pre3h_wave_height_mean,気象海象の加工値,有義波高,m,便の対岸港別ルート地点をまとめて集計（地点別の列ではない）,"東京:tokyo_port,tokyo_bay_mouth,uraga_channel,sagami_north,sagami_central,oshima_north_okata,oshima_west_motomachi; 横浜:tokyo_bay_mouth,uraga_channel,sagami_north,sagami_central,oshima_north_okata,oshima_west_motomachi; 久里浜:uraga_channel,sagami_north,sagami_central,oshima_north_okata,oshima_west_motomachi; 熱海:atami_offshore,sagami_north,sagami_central,oshima_north_okata,oshima_west_motomachi; 伊東:ito_offshore,sagami_central,oshima_north_okata,oshima_west_motomachi; 稲取:inatori_offshore,sagami_central,oshima_north_okata,oshima_west_motomachi; 館山:tateyama_offshore,sagami_central,oshima_north_okata,oshima_west_motomachi",出航時刻の3時間前以上、出航時刻以前（整数時刻のみ）,全地点・全時刻の算術平均,wave_height,marine,条件付きで再現可能,同じ11地点、JST時間窓、単位、欠損処理で未来予報を集計。予報モデル差の検証が必要
49,pre3h_wave_height_max,気象海象の加工値,有義波高,m,便の対岸港別ルート地点をまとめて集計（地点別の列ではない）,"東京:tokyo_port,tokyo_bay_mouth,uraga_channel,sagami_north,sagami_central,oshima_north_okata,oshima_west_motomachi; 横浜:tokyo_bay_mouth,uraga_channel,sagami_north,sagami_central,oshima_north_okata,oshima_west_motomachi; 久里浜:uraga_channel,sagami_north,sagami_central,oshima_north_okata,oshima_west_motomachi; 熱海:atami_offshore,sagami_north,sagami_central,oshima_north_okata,oshima_west_motomachi; 伊東:ito_offshore,sagami_central,oshima_north_okata,oshima_west_motomachi; 稲取:inatori_offshore,sagami_central,oshima_north_okata,oshima_west_motomachi; 館山:tateyama_offshore,sagami_central,oshima_north_okata,oshima_west_motomachi",出航時刻の3時間前以上、出航時刻以前（整数時刻のみ）,全地点・全時刻の最大値,wave_height,marine,条件付きで再現可能,同じ11地点、JST時間窓、単位、欠損処理で未来予報を集計。予報モデル差の検証が必要
50,pre3h_wave_height_min,気象海象の加工値,有義波高,m,便の対岸港別ルート地点をまとめて集計（地点別の列ではない）,"東京:tokyo_port,tokyo_bay_mouth,uraga_channel,sagami_north,sagami_central,oshima_north_okata,oshima_west_motomachi; 横浜:tokyo_bay_mouth,uraga_channel,sagami_north,sagami_central,oshima_north_okata,oshima_west_motomachi; 久里浜:uraga_channel,sagami_north,sagami_central,oshima_north_okata,oshima_west_motomachi; 熱海:atami_offshore,sagami_north,sagami_central,oshima_north_okata,oshima_west_motomachi; 伊東:ito_offshore,sagami_central,oshima_north_okata,oshima_west_motomachi; 稲取:inatori_offshore,sagami_central,oshima_north_okata,oshima_west_motomachi; 館山:tateyama_offshore,sagami_central,oshima_north_okata,oshima_west_motomachi",出航時刻の3時間前以上、出航時刻以前（整数時刻のみ）,全地点・全時刻の最小値,wave_height,marine,条件付きで再現可能,同じ11地点、JST時間窓、単位、欠損処理で未来予報を集計。予報モデル差の検証が必要
51,pre3h_swell_wave_height_mean,気象海象の加工値,うねり高,m,便の対岸港別ルート地点をまとめて集計（地点別の列ではない）,"東京:tokyo_port,tokyo_bay_mouth,uraga_channel,sagami_north,sagami_central,oshima_north_okata,oshima_west_motomachi; 横浜:tokyo_bay_mouth,uraga_channel,sagami_north,sagami_central,oshima_north_okata,oshima_west_motomachi; 久里浜:uraga_channel,sagami_north,sagami_central,oshima_north_okata,oshima_west_motomachi; 熱海:atami_offshore,sagami_north,sagami_central,oshima_north_okata,oshima_west_motomachi; 伊東:ito_offshore,sagami_central,oshima_north_okata,oshima_west_motomachi; 稲取:inatori_offshore,sagami_central,oshima_north_okata,oshima_west_motomachi; 館山:tateyama_offshore,sagami_central,oshima_north_okata,oshima_west_motomachi",出航時刻の3時間前以上、出航時刻以前（整数時刻のみ）,全地点・全時刻の算術平均,swell_wave_height,marine,条件付きで再現可能,同じ11地点、JST時間窓、単位、欠損処理で未来予報を集計。予報モデル差の検証が必要
52,pre3h_swell_wave_height_max,気象海象の加工値,うねり高,m,便の対岸港別ルート地点をまとめて集計（地点別の列ではない）,"東京:tokyo_port,tokyo_bay_mouth,uraga_channel,sagami_north,sagami_central,oshima_north_okata,oshima_west_motomachi; 横浜:tokyo_bay_mouth,uraga_channel,sagami_north,sagami_central,oshima_north_okata,oshima_west_motomachi; 久里浜:uraga_channel,sagami_north,sagami_central,oshima_north_okata,oshima_west_motomachi; 熱海:atami_offshore,sagami_north,sagami_central,oshima_north_okata,oshima_west_motomachi; 伊東:ito_offshore,sagami_central,oshima_north_okata,oshima_west_motomachi; 稲取:inatori_offshore,sagami_central,oshima_north_okata,oshima_west_motomachi; 館山:tateyama_offshore,sagami_central,oshima_north_okata,oshima_west_motomachi",出航時刻の3時間前以上、出航時刻以前（整数時刻のみ）,全地点・全時刻の最大値,swell_wave_height,marine,条件付きで再現可能,同じ11地点、JST時間窓、単位、欠損処理で未来予報を集計。予報モデル差の検証が必要
53,pre3h_swell_wave_height_min,気象海象の加工値,うねり高,m,便の対岸港別ルート地点をまとめて集計（地点別の列ではない）,"東京:tokyo_port,tokyo_bay_mouth,uraga_channel,sagami_north,sagami_central,oshima_north_okata,oshima_west_motomachi; 横浜:tokyo_bay_mouth,uraga_channel,sagami_north,sagami_central,oshima_north_okata,oshima_west_motomachi; 久里浜:uraga_channel,sagami_north,sagami_central,oshima_north_okata,oshima_west_motomachi; 熱海:atami_offshore,sagami_north,sagami_central,oshima_north_okata,oshima_west_motomachi; 伊東:ito_offshore,sagami_central,oshima_north_okata,oshima_west_motomachi; 稲取:inatori_offshore,sagami_central,oshima_north_okata,oshima_west_motomachi; 館山:tateyama_offshore,sagami_central,oshima_north_okata,oshima_west_motomachi",出航時刻の3時間前以上、出航時刻以前（整数時刻のみ）,全地点・全時刻の最小値,swell_wave_height,marine,条件付きで再現可能,同じ11地点、JST時間窓、単位、欠損処理で未来予報を集計。予報モデル差の検証が必要
54,pre6h_wind_speed_10m_mean,気象海象の加工値,10m風速,m/s,便の対岸港別ルート地点をまとめて集計（地点別の列ではない）,"東京:tokyo_port,tokyo_bay_mouth,uraga_channel,sagami_north,sagami_central,oshima_north_okata,oshima_west_motomachi; 横浜:tokyo_bay_mouth,uraga_channel,sagami_north,sagami_central,oshima_north_okata,oshima_west_motomachi; 久里浜:uraga_channel,sagami_north,sagami_central,oshima_north_okata,oshima_west_motomachi; 熱海:atami_offshore,sagami_north,sagami_central,oshima_north_okata,oshima_west_motomachi; 伊東:ito_offshore,sagami_central,oshima_north_okata,oshima_west_motomachi; 稲取:inatori_offshore,sagami_central,oshima_north_okata,oshima_west_motomachi; 館山:tateyama_offshore,sagami_central,oshima_north_okata,oshima_west_motomachi",出航時刻の6時間前以上、出航時刻以前（整数時刻のみ）,全地点・全時刻の算術平均,wind_speed_10m,weather,条件付きで再現可能,同じ11地点、JST時間窓、単位、欠損処理で未来予報を集計。予報モデル差の検証が必要
55,pre6h_wind_speed_10m_max,気象海象の加工値,10m風速,m/s,便の対岸港別ルート地点をまとめて集計（地点別の列ではない）,"東京:tokyo_port,tokyo_bay_mouth,uraga_channel,sagami_north,sagami_central,oshima_north_okata,oshima_west_motomachi; 横浜:tokyo_bay_mouth,uraga_channel,sagami_north,sagami_central,oshima_north_okata,oshima_west_motomachi; 久里浜:uraga_channel,sagami_north,sagami_central,oshima_north_okata,oshima_west_motomachi; 熱海:atami_offshore,sagami_north,sagami_central,oshima_north_okata,oshima_west_motomachi; 伊東:ito_offshore,sagami_central,oshima_north_okata,oshima_west_motomachi; 稲取:inatori_offshore,sagami_central,oshima_north_okata,oshima_west_motomachi; 館山:tateyama_offshore,sagami_central,oshima_north_okata,oshima_west_motomachi",出航時刻の6時間前以上、出航時刻以前（整数時刻のみ）,全地点・全時刻の最大値,wind_speed_10m,weather,条件付きで再現可能,同じ11地点、JST時間窓、単位、欠損処理で未来予報を集計。予報モデル差の検証が必要
56,pre6h_wind_speed_10m_min,気象海象の加工値,10m風速,m/s,便の対岸港別ルート地点をまとめて集計（地点別の列ではない）,"東京:tokyo_port,tokyo_bay_mouth,uraga_channel,sagami_north,sagami_central,oshima_north_okata,oshima_west_motomachi; 横浜:tokyo_bay_mouth,uraga_channel,sagami_north,sagami_central,oshima_north_okata,oshima_west_motomachi; 久里浜:uraga_channel,sagami_north,sagami_central,oshima_north_okata,oshima_west_motomachi; 熱海:atami_offshore,sagami_north,sagami_central,oshima_north_okata,oshima_west_motomachi; 伊東:ito_offshore,sagami_central,oshima_north_okata,oshima_west_motomachi; 稲取:inatori_offshore,sagami_central,oshima_north_okata,oshima_west_motomachi; 館山:tateyama_offshore,sagami_central,oshima_north_okata,oshima_west_motomachi",出航時刻の6時間前以上、出航時刻以前（整数時刻のみ）,全地点・全時刻の最小値,wind_speed_10m,weather,条件付きで再現可能,同じ11地点、JST時間窓、単位、欠損処理で未来予報を集計。予報モデル差の検証が必要
57,pre6h_wind_gusts_10m_mean,気象海象の加工値,10m最大瞬間風速,m/s,便の対岸港別ルート地点をまとめて集計（地点別の列ではない）,"東京:tokyo_port,tokyo_bay_mouth,uraga_channel,sagami_north,sagami_central,oshima_north_okata,oshima_west_motomachi; 横浜:tokyo_bay_mouth,uraga_channel,sagami_north,sagami_central,oshima_north_okata,oshima_west_motomachi; 久里浜:uraga_channel,sagami_north,sagami_central,oshima_north_okata,oshima_west_motomachi; 熱海:atami_offshore,sagami_north,sagami_central,oshima_north_okata,oshima_west_motomachi; 伊東:ito_offshore,sagami_central,oshima_north_okata,oshima_west_motomachi; 稲取:inatori_offshore,sagami_central,oshima_north_okata,oshima_west_motomachi; 館山:tateyama_offshore,sagami_central,oshima_north_okata,oshima_west_motomachi",出航時刻の6時間前以上、出航時刻以前（整数時刻のみ）,全地点・全時刻の算術平均,wind_gusts_10m,weather,条件付きで再現可能,同じ11地点、JST時間窓、単位、欠損処理で未来予報を集計。予報モデル差の検証が必要
58,pre6h_wind_gusts_10m_max,気象海象の加工値,10m最大瞬間風速,m/s,便の対岸港別ルート地点をまとめて集計（地点別の列ではない）,"東京:tokyo_port,tokyo_bay_mouth,uraga_channel,sagami_north,sagami_central,oshima_north_okata,oshima_west_motomachi; 横浜:tokyo_bay_mouth,uraga_channel,sagami_north,sagami_central,oshima_north_okata,oshima_west_motomachi; 久里浜:uraga_channel,sagami_north,sagami_central,oshima_north_okata,oshima_west_motomachi; 熱海:atami_offshore,sagami_north,sagami_central,oshima_north_okata,oshima_west_motomachi; 伊東:ito_offshore,sagami_central,oshima_north_okata,oshima_west_motomachi; 稲取:inatori_offshore,sagami_central,oshima_north_okata,oshima_west_motomachi; 館山:tateyama_offshore,sagami_central,oshima_north_okata,oshima_west_motomachi",出航時刻の6時間前以上、出航時刻以前（整数時刻のみ）,全地点・全時刻の最大値,wind_gusts_10m,weather,条件付きで再現可能,同じ11地点、JST時間窓、単位、欠損処理で未来予報を集計。予報モデル差の検証が必要
59,pre6h_wind_gusts_10m_min,気象海象の加工値,10m最大瞬間風速,m/s,便の対岸港別ルート地点をまとめて集計（地点別の列ではない）,"東京:tokyo_port,tokyo_bay_mouth,uraga_channel,sagami_north,sagami_central,oshima_north_okata,oshima_west_motomachi; 横浜:tokyo_bay_mouth,uraga_channel,sagami_north,sagami_central,oshima_north_okata,oshima_west_motomachi; 久里浜:uraga_channel,sagami_north,sagami_central,oshima_north_okata,oshima_west_motomachi; 熱海:atami_offshore,sagami_north,sagami_central,oshima_north_okata,oshima_west_motomachi; 伊東:ito_offshore,sagami_central,oshima_north_okata,oshima_west_motomachi; 稲取:inatori_offshore,sagami_central,oshima_north_okata,oshima_west_motomachi; 館山:tateyama_offshore,sagami_central,oshima_north_okata,oshima_west_motomachi",出航時刻の6時間前以上、出航時刻以前（整数時刻のみ）,全地点・全時刻の最小値,wind_gusts_10m,weather,条件付きで再現可能,同じ11地点、JST時間窓、単位、欠損処理で未来予報を集計。予報モデル差の検証が必要
60,pre6h_wave_height_mean,気象海象の加工値,有義波高,m,便の対岸港別ルート地点をまとめて集計（地点別の列ではない）,"東京:tokyo_port,tokyo_bay_mouth,uraga_channel,sagami_north,sagami_central,oshima_north_okata,oshima_west_motomachi; 横浜:tokyo_bay_mouth,uraga_channel,sagami_north,sagami_central,oshima_north_okata,oshima_west_motomachi; 久里浜:uraga_channel,sagami_north,sagami_central,oshima_north_okata,oshima_west_motomachi; 熱海:atami_offshore,sagami_north,sagami_central,oshima_north_okata,oshima_west_motomachi; 伊東:ito_offshore,sagami_central,oshima_north_okata,oshima_west_motomachi; 稲取:inatori_offshore,sagami_central,oshima_north_okata,oshima_west_motomachi; 館山:tateyama_offshore,sagami_central,oshima_north_okata,oshima_west_motomachi",出航時刻の6時間前以上、出航時刻以前（整数時刻のみ）,全地点・全時刻の算術平均,wave_height,marine,条件付きで再現可能,同じ11地点、JST時間窓、単位、欠損処理で未来予報を集計。予報モデル差の検証が必要
61,pre6h_wave_height_max,気象海象の加工値,有義波高,m,便の対岸港別ルート地点をまとめて集計（地点別の列ではない）,"東京:tokyo_port,tokyo_bay_mouth,uraga_channel,sagami_north,sagami_central,oshima_north_okata,oshima_west_motomachi; 横浜:tokyo_bay_mouth,uraga_channel,sagami_north,sagami_central,oshima_north_okata,oshima_west_motomachi; 久里浜:uraga_channel,sagami_north,sagami_central,oshima_north_okata,oshima_west_motomachi; 熱海:atami_offshore,sagami_north,sagami_central,oshima_north_okata,oshima_west_motomachi; 伊東:ito_offshore,sagami_central,oshima_north_okata,oshima_west_motomachi; 稲取:inatori_offshore,sagami_central,oshima_north_okata,oshima_west_motomachi; 館山:tateyama_offshore,sagami_central,oshima_north_okata,oshima_west_motomachi",出航時刻の6時間前以上、出航時刻以前（整数時刻のみ）,全地点・全時刻の最大値,wave_height,marine,条件付きで再現可能,同じ11地点、JST時間窓、単位、欠損処理で未来予報を集計。予報モデル差の検証が必要
62,pre6h_wave_height_min,気象海象の加工値,有義波高,m,便の対岸港別ルート地点をまとめて集計（地点別の列ではない）,"東京:tokyo_port,tokyo_bay_mouth,uraga_channel,sagami_north,sagami_central,oshima_north_okata,oshima_west_motomachi; 横浜:tokyo_bay_mouth,uraga_channel,sagami_north,sagami_central,oshima_north_okata,oshima_west_motomachi; 久里浜:uraga_channel,sagami_north,sagami_central,oshima_north_okata,oshima_west_motomachi; 熱海:atami_offshore,sagami_north,sagami_central,oshima_north_okata,oshima_west_motomachi; 伊東:ito_offshore,sagami_central,oshima_north_okata,oshima_west_motomachi; 稲取:inatori_offshore,sagami_central,oshima_north_okata,oshima_west_motomachi; 館山:tateyama_offshore,sagami_central,oshima_north_okata,oshima_west_motomachi",出航時刻の6時間前以上、出航時刻以前（整数時刻のみ）,全地点・全時刻の最小値,wave_height,marine,条件付きで再現可能,同じ11地点、JST時間窓、単位、欠損処理で未来予報を集計。予報モデル差の検証が必要
63,pre6h_swell_wave_height_mean,気象海象の加工値,うねり高,m,便の対岸港別ルート地点をまとめて集計（地点別の列ではない）,"東京:tokyo_port,tokyo_bay_mouth,uraga_channel,sagami_north,sagami_central,oshima_north_okata,oshima_west_motomachi; 横浜:tokyo_bay_mouth,uraga_channel,sagami_north,sagami_central,oshima_north_okata,oshima_west_motomachi; 久里浜:uraga_channel,sagami_north,sagami_central,oshima_north_okata,oshima_west_motomachi; 熱海:atami_offshore,sagami_north,sagami_central,oshima_north_okata,oshima_west_motomachi; 伊東:ito_offshore,sagami_central,oshima_north_okata,oshima_west_motomachi; 稲取:inatori_offshore,sagami_central,oshima_north_okata,oshima_west_motomachi; 館山:tateyama_offshore,sagami_central,oshima_north_okata,oshima_west_motomachi",出航時刻の6時間前以上、出航時刻以前（整数時刻のみ）,全地点・全時刻の算術平均,swell_wave_height,marine,条件付きで再現可能,同じ11地点、JST時間窓、単位、欠損処理で未来予報を集計。予報モデル差の検証が必要
64,pre6h_swell_wave_height_max,気象海象の加工値,うねり高,m,便の対岸港別ルート地点をまとめて集計（地点別の列ではない）,"東京:tokyo_port,tokyo_bay_mouth,uraga_channel,sagami_north,sagami_central,oshima_north_okata,oshima_west_motomachi; 横浜:tokyo_bay_mouth,uraga_channel,sagami_north,sagami_central,oshima_north_okata,oshima_west_motomachi; 久里浜:uraga_channel,sagami_north,sagami_central,oshima_north_okata,oshima_west_motomachi; 熱海:atami_offshore,sagami_north,sagami_central,oshima_north_okata,oshima_west_motomachi; 伊東:ito_offshore,sagami_central,oshima_north_okata,oshima_west_motomachi; 稲取:inatori_offshore,sagami_central,oshima_north_okata,oshima_west_motomachi; 館山:tateyama_offshore,sagami_central,oshima_north_okata,oshima_west_motomachi",出航時刻の6時間前以上、出航時刻以前（整数時刻のみ）,全地点・全時刻の最大値,swell_wave_height,marine,条件付きで再現可能,同じ11地点、JST時間窓、単位、欠損処理で未来予報を集計。予報モデル差の検証が必要
65,pre6h_swell_wave_height_min,気象海象の加工値,うねり高,m,便の対岸港別ルート地点をまとめて集計（地点別の列ではない）,"東京:tokyo_port,tokyo_bay_mouth,uraga_channel,sagami_north,sagami_central,oshima_north_okata,oshima_west_motomachi; 横浜:tokyo_bay_mouth,uraga_channel,sagami_north,sagami_central,oshima_north_okata,oshima_west_motomachi; 久里浜:uraga_channel,sagami_north,sagami_central,oshima_north_okata,oshima_west_motomachi; 熱海:atami_offshore,sagami_north,sagami_central,oshima_north_okata,oshima_west_motomachi; 伊東:ito_offshore,sagami_central,oshima_north_okata,oshima_west_motomachi; 稲取:inatori_offshore,sagami_central,oshima_north_okata,oshima_west_motomachi; 館山:tateyama_offshore,sagami_central,oshima_north_okata,oshima_west_motomachi",出航時刻の6時間前以上、出航時刻以前（整数時刻のみ）,全地点・全時刻の最小値,swell_wave_height,marine,条件付きで再現可能,同じ11地点、JST時間窓、単位、欠損処理で未来予報を集計。予報モデル差の検証が必要
66,change_3h_wind_speed_10m,気象海象の加工値,10m風速,m/s,便の対岸港別ルート地点をまとめて集計（地点別の列ではない）,"東京:tokyo_port,tokyo_bay_mouth,uraga_channel,sagami_north,sagami_central,oshima_north_okata,oshima_west_motomachi; 横浜:tokyo_bay_mouth,uraga_channel,sagami_north,sagami_central,oshima_north_okata,oshima_west_motomachi; 久里浜:uraga_channel,sagami_north,sagami_central,oshima_north_okata,oshima_west_motomachi; 熱海:atami_offshore,sagami_north,sagami_central,oshima_north_okata,oshima_west_motomachi; 伊東:ito_offshore,sagami_central,oshima_north_okata,oshima_west_motomachi; 稲取:inatori_offshore,sagami_central,oshima_north_okata,oshima_west_motomachi; 館山:tateyama_offshore,sagami_central,oshima_north_okata,oshima_west_motomachi",出航時刻を切り下げた時刻と3時間前,出航時の航路地点平均－3時間前の航路地点平均,wind_speed_10m,weather,条件付きで再現可能,同じ11地点、JST時間窓、単位、欠損処理で未来予報を集計。予報モデル差の検証が必要
67,change_6h_wind_speed_10m,気象海象の加工値,10m風速,m/s,便の対岸港別ルート地点をまとめて集計（地点別の列ではない）,"東京:tokyo_port,tokyo_bay_mouth,uraga_channel,sagami_north,sagami_central,oshima_north_okata,oshima_west_motomachi; 横浜:tokyo_bay_mouth,uraga_channel,sagami_north,sagami_central,oshima_north_okata,oshima_west_motomachi; 久里浜:uraga_channel,sagami_north,sagami_central,oshima_north_okata,oshima_west_motomachi; 熱海:atami_offshore,sagami_north,sagami_central,oshima_north_okata,oshima_west_motomachi; 伊東:ito_offshore,sagami_central,oshima_north_okata,oshima_west_motomachi; 稲取:inatori_offshore,sagami_central,oshima_north_okata,oshima_west_motomachi; 館山:tateyama_offshore,sagami_central,oshima_north_okata,oshima_west_motomachi",出航時刻を切り下げた時刻と6時間前,出航時の航路地点平均－6時間前の航路地点平均,wind_speed_10m,weather,条件付きで再現可能,同じ11地点、JST時間窓、単位、欠損処理で未来予報を集計。予報モデル差の検証が必要
68,change_3h_wave_height,気象海象の加工値,有義波高,m,便の対岸港別ルート地点をまとめて集計（地点別の列ではない）,"東京:tokyo_port,tokyo_bay_mouth,uraga_channel,sagami_north,sagami_central,oshima_north_okata,oshima_west_motomachi; 横浜:tokyo_bay_mouth,uraga_channel,sagami_north,sagami_central,oshima_north_okata,oshima_west_motomachi; 久里浜:uraga_channel,sagami_north,sagami_central,oshima_north_okata,oshima_west_motomachi; 熱海:atami_offshore,sagami_north,sagami_central,oshima_north_okata,oshima_west_motomachi; 伊東:ito_offshore,sagami_central,oshima_north_okata,oshima_west_motomachi; 稲取:inatori_offshore,sagami_central,oshima_north_okata,oshima_west_motomachi; 館山:tateyama_offshore,sagami_central,oshima_north_okata,oshima_west_motomachi",出航時刻を切り下げた時刻と3時間前,出航時の航路地点平均－3時間前の航路地点平均,wave_height,marine,条件付きで再現可能,同じ11地点、JST時間窓、単位、欠損処理で未来予報を集計。予報モデル差の検証が必要
69,change_6h_wave_height,気象海象の加工値,有義波高,m,便の対岸港別ルート地点をまとめて集計（地点別の列ではない）,"東京:tokyo_port,tokyo_bay_mouth,uraga_channel,sagami_north,sagami_central,oshima_north_okata,oshima_west_motomachi; 横浜:tokyo_bay_mouth,uraga_channel,sagami_north,sagami_central,oshima_north_okata,oshima_west_motomachi; 久里浜:uraga_channel,sagami_north,sagami_central,oshima_north_okata,oshima_west_motomachi; 熱海:atami_offshore,sagami_north,sagami_central,oshima_north_okata,oshima_west_motomachi; 伊東:ito_offshore,sagami_central,oshima_north_okata,oshima_west_motomachi; 稲取:inatori_offshore,sagami_central,oshima_north_okata,oshima_west_motomachi; 館山:tateyama_offshore,sagami_central,oshima_north_okata,oshima_west_motomachi",出航時刻を切り下げた時刻と6時間前,出航時の航路地点平均－6時間前の航路地点平均,wave_height,marine,条件付きで再現可能,同じ11地点、JST時間窓、単位、欠損処理で未来予報を集計。予報モデル差の検証が必要
70,hours_route_wind_ge_10ms_pre6_to_arrival,気象海象の加工値,10m風速,m/s,便の対岸港別ルート地点をまとめて集計（地点別の列ではない）,"東京:tokyo_port,tokyo_bay_mouth,uraga_channel,sagami_north,sagami_central,oshima_north_okata,oshima_west_motomachi; 横浜:tokyo_bay_mouth,uraga_channel,sagami_north,sagami_central,oshima_north_okata,oshima_west_motomachi; 久里浜:uraga_channel,sagami_north,sagami_central,oshima_north_okata,oshima_west_motomachi; 熱海:atami_offshore,sagami_north,sagami_central,oshima_north_okata,oshima_west_motomachi; 伊東:ito_offshore,sagami_central,oshima_north_okata,oshima_west_motomachi; 稲取:inatori_offshore,sagami_central,oshima_north_okata,oshima_west_motomachi; 館山:tateyama_offshore,sagami_central,oshima_north_okata,oshima_west_motomachi",出航6時間前から推定到着時刻まで,各時刻で航路地点の最大値を取り、10m/s以上の時刻数,wind_speed_10m,weather,条件付きで再現可能,同じ11地点、JST時間窓、単位、欠損処理で未来予報を集計。予報モデル差の検証が必要
71,hours_route_wave_ge_2_5m_pre6_to_arrival,気象海象の加工値,有義波高,m,便の対岸港別ルート地点をまとめて集計（地点別の列ではない）,"東京:tokyo_port,tokyo_bay_mouth,uraga_channel,sagami_north,sagami_central,oshima_north_okata,oshima_west_motomachi; 横浜:tokyo_bay_mouth,uraga_channel,sagami_north,sagami_central,oshima_north_okata,oshima_west_motomachi; 久里浜:uraga_channel,sagami_north,sagami_central,oshima_north_okata,oshima_west_motomachi; 熱海:atami_offshore,sagami_north,sagami_central,oshima_north_okata,oshima_west_motomachi; 伊東:ito_offshore,sagami_central,oshima_north_okata,oshima_west_motomachi; 稲取:inatori_offshore,sagami_central,oshima_north_okata,oshima_west_motomachi; 館山:tateyama_offshore,sagami_central,oshima_north_okata,oshima_west_motomachi",出航6時間前から推定到着時刻まで,各時刻で航路地点の最大値を取り、2.5m以上の時刻数,wave_height,marine,条件付きで再現可能,同じ11地点、JST時間窓、単位、欠損処理で未来予報を集計。予報モデル差の検証が必要
72,estimated_duration_minutes,運航予定・固定仮定,船種・対岸港別の推定所要時間,minute,航路単位,対岸港と大島の組合せ,出航から推定到着まで,固定ルックアップ,ship_type + counterpart_terminal,schedule,再現可能だが要修正,現状は公式ダイヤ由来ではない固定仮定。公式時刻表または到着予定時刻へ置換
73,departure_month_sin,予定時刻,出航月の周期表現,sin/cos,地点非依存,-,出航予定月,月を12か月周期のsin/cosへ変換,scheduled_departure_jst,schedule,再現可能,JSTの出航予定日時を使用
74,departure_month_cos,予定時刻,出航月の周期表現,sin/cos,地点非依存,-,出航予定月,月を12か月周期のsin/cosへ変換,scheduled_departure_jst,schedule,再現可能,JSTの出航予定日時を使用
75,departure_hour_sin,予定時刻,出航時刻の周期表現,sin/cos,地点非依存,-,出航予定時刻,時刻を24時間周期のsin/cosへ変換,scheduled_departure_jst,schedule,再現可能,JST壁時計として解釈。WorkerのUTC変換をしない
76,departure_hour_cos,予定時刻,出航時刻の周期表現,sin/cos,地点非依存,-,出航予定時刻,時刻を24時間周期のsin/cosへ変換,scheduled_departure_jst,schedule,再現可能,JST壁時計として解釈。WorkerのUTC変換をしない
77,departure_weekend,予定時刻,土日フラグ,0/1,地点非依存,-,出航予定日,土日なら1,scheduled_departure_jst,schedule,再現可能,JST日付を使用
78,ship_type=jet,カテゴリのone-hot値,船種が「jet」なら1、それ以外0,0/1,地点非依存（counterpart_terminalはルート地点選択にも使用）,-,運航予定情報,カテゴリ一致を0/1化,ship_type,schedule,再現可能,便番号は整数文字列へ統一。未知便番号は全既知便フラグ0として監視
79,ship_type=large,カテゴリのone-hot値,船種が「large」なら1、それ以外0,0/1,地点非依存（counterpart_terminalはルート地点選択にも使用）,-,運航予定情報,カテゴリ一致を0/1化,ship_type,schedule,再現可能,便番号は整数文字列へ統一。未知便番号は全既知便フラグ0として監視
80,direction=from_oshima,カテゴリのone-hot値,大島行き/大島発が「from_oshima」なら1、それ以外0,0/1,地点非依存（counterpart_terminalはルート地点選択にも使用）,-,運航予定情報,カテゴリ一致を0/1化,direction,schedule,再現可能,便番号は整数文字列へ統一。未知便番号は全既知便フラグ0として監視
81,direction=to_oshima,カテゴリのone-hot値,大島行き/大島発が「to_oshima」なら1、それ以外0,0/1,地点非依存（counterpart_terminalはルート地点選択にも使用）,-,運航予定情報,カテゴリ一致を0/1化,direction,schedule,再現可能,便番号は整数文字列へ統一。未知便番号は全既知便フラグ0として監視
82,counterpart_terminal=久里浜,カテゴリのone-hot値,対岸ターミナルが「久里浜」なら1、それ以外0,0/1,地点非依存（counterpart_terminalはルート地点選択にも使用）,-,運航予定情報,カテゴリ一致を0/1化,counterpart_terminal,schedule,再現可能,便番号は整数文字列へ統一。未知便番号は全既知便フラグ0として監視
83,counterpart_terminal=伊東,カテゴリのone-hot値,対岸ターミナルが「伊東」なら1、それ以外0,0/1,地点非依存（counterpart_terminalはルート地点選択にも使用）,-,運航予定情報,カテゴリ一致を0/1化,counterpart_terminal,schedule,再現可能,便番号は整数文字列へ統一。未知便番号は全既知便フラグ0として監視
84,counterpart_terminal=東京,カテゴリのone-hot値,対岸ターミナルが「東京」なら1、それ以外0,0/1,地点非依存（counterpart_terminalはルート地点選択にも使用）,-,運航予定情報,カテゴリ一致を0/1化,counterpart_terminal,schedule,再現可能,便番号は整数文字列へ統一。未知便番号は全既知便フラグ0として監視
85,counterpart_terminal=横浜,カテゴリのone-hot値,対岸ターミナルが「横浜」なら1、それ以外0,0/1,地点非依存（counterpart_terminalはルート地点選択にも使用）,-,運航予定情報,カテゴリ一致を0/1化,counterpart_terminal,schedule,再現可能,便番号は整数文字列へ統一。未知便番号は全既知便フラグ0として監視
86,counterpart_terminal=熱海,カテゴリのone-hot値,対岸ターミナルが「熱海」なら1、それ以外0,0/1,地点非依存（counterpart_terminalはルート地点選択にも使用）,-,運航予定情報,カテゴリ一致を0/1化,counterpart_terminal,schedule,再現可能,便番号は整数文字列へ統一。未知便番号は全既知便フラグ0として監視
87,counterpart_terminal=稲取,カテゴリのone-hot値,対岸ターミナルが「稲取」なら1、それ以外0,0/1,地点非依存（counterpart_terminalはルート地点選択にも使用）,-,運航予定情報,カテゴリ一致を0/1化,counterpart_terminal,schedule,再現可能,便番号は整数文字列へ統一。未知便番号は全既知便フラグ0として監視
88,counterpart_terminal=館山,カテゴリのone-hot値,対岸ターミナルが「館山」なら1、それ以外0,0/1,地点非依存（counterpart_terminalはルート地点選択にも使用）,-,運航予定情報,カテゴリ一致を0/1化,counterpart_terminal,schedule,再現可能,便番号は整数文字列へ統一。未知便番号は全既知便フラグ0として監視
89,voyage_number=1100,カテゴリのone-hot値,便番号が「1100」なら1、それ以外0,0/1,地点非依存（counterpart_terminalはルート地点選択にも使用）,-,運航予定情報,カテゴリ一致を0/1化,voyage_number,schedule,再現可能,便番号は整数文字列へ統一。未知便番号は全既知便フラグ0として監視
90,voyage_number=1110,カテゴリのone-hot値,便番号が「1110」なら1、それ以外0,0/1,地点非依存（counterpart_terminalはルート地点選択にも使用）,-,運航予定情報,カテゴリ一致を0/1化,voyage_number,schedule,再現可能,便番号は整数文字列へ統一。未知便番号は全既知便フラグ0として監視
91,voyage_number=1140,カテゴリのone-hot値,便番号が「1140」なら1、それ以外0,0/1,地点非依存（counterpart_terminalはルート地点選択にも使用）,-,運航予定情報,カテゴリ一致を0/1化,voyage_number,schedule,再現可能,便番号は整数文字列へ統一。未知便番号は全既知便フラグ0として監視
92,voyage_number=1210,カテゴリのone-hot値,便番号が「1210」なら1、それ以外0,0/1,地点非依存（counterpart_terminalはルート地点選択にも使用）,-,運航予定情報,カテゴリ一致を0/1化,voyage_number,schedule,再現可能,便番号は整数文字列へ統一。未知便番号は全既知便フラグ0として監視
93,voyage_number=1220,カテゴリのone-hot値,便番号が「1220」なら1、それ以外0,0/1,地点非依存（counterpart_terminalはルート地点選択にも使用）,-,運航予定情報,カテゴリ一致を0/1化,voyage_number,schedule,再現可能,便番号は整数文字列へ統一。未知便番号は全既知便フラグ0として監視
94,voyage_number=1230,カテゴリのone-hot値,便番号が「1230」なら1、それ以外0,0/1,地点非依存（counterpart_terminalはルート地点選択にも使用）,-,運航予定情報,カテゴリ一致を0/1化,voyage_number,schedule,再現可能,便番号は整数文字列へ統一。未知便番号は全既知便フラグ0として監視
95,voyage_number=1250,カテゴリのone-hot値,便番号が「1250」なら1、それ以外0,0/1,地点非依存（counterpart_terminalはルート地点選択にも使用）,-,運航予定情報,カテゴリ一致を0/1化,voyage_number,schedule,再現可能,便番号は整数文字列へ統一。未知便番号は全既知便フラグ0として監視
96,voyage_number=1260,カテゴリのone-hot値,便番号が「1260」なら1、それ以外0,0/1,地点非依存（counterpart_terminalはルート地点選択にも使用）,-,運航予定情報,カテゴリ一致を0/1化,voyage_number,schedule,再現可能,便番号は整数文字列へ統一。未知便番号は全既知便フラグ0として監視
97,voyage_number=1270,カテゴリのone-hot値,便番号が「1270」なら1、それ以外0,0/1,地点非依存（counterpart_terminalはルート地点選択にも使用）,-,運航予定情報,カテゴリ一致を0/1化,voyage_number,schedule,再現可能,便番号は整数文字列へ統一。未知便番号は全既知便フラグ0として監視
98,voyage_number=1280,カテゴリのone-hot値,便番号が「1280」なら1、それ以外0,0/1,地点非依存（counterpart_terminalはルート地点選択にも使用）,-,運航予定情報,カテゴリ一致を0/1化,voyage_number,schedule,再現可能,便番号は整数文字列へ統一。未知便番号は全既知便フラグ0として監視
99,voyage_number=1350,カテゴリのone-hot値,便番号が「1350」なら1、それ以外0,0/1,地点非依存（counterpart_terminalはルート地点選択にも使用）,-,運航予定情報,カテゴリ一致を0/1化,voyage_number,schedule,再現可能,便番号は整数文字列へ統一。未知便番号は全既知便フラグ0として監視
100,voyage_number=1410,カテゴリのone-hot値,便番号が「1410」なら1、それ以外0,0/1,地点非依存（counterpart_terminalはルート地点選択にも使用）,-,運航予定情報,カテゴリ一致を0/1化,voyage_number,schedule,再現可能,便番号は整数文字列へ統一。未知便番号は全既知便フラグ0として監視
101,voyage_number=1420,カテゴリのone-hot値,便番号が「1420」なら1、それ以外0,0/1,地点非依存（counterpart_terminalはルート地点選択にも使用）,-,運航予定情報,カテゴリ一致を0/1化,voyage_number,schedule,再現可能,便番号は整数文字列へ統一。未知便番号は全既知便フラグ0として監視
102,voyage_number=1430,カテゴリのone-hot値,便番号が「1430」なら1、それ以外0,0/1,地点非依存（counterpart_terminalはルート地点選択にも使用）,-,運航予定情報,カテゴリ一致を0/1化,voyage_number,schedule,再現可能,便番号は整数文字列へ統一。未知便番号は全既知便フラグ0として監視
103,voyage_number=1450,カテゴリのone-hot値,便番号が「1450」なら1、それ以外0,0/1,地点非依存（counterpart_terminalはルート地点選択にも使用）,-,運航予定情報,カテゴリ一致を0/1化,voyage_number,schedule,再現可能,便番号は整数文字列へ統一。未知便番号は全既知便フラグ0として監視
104,voyage_number=2000,カテゴリのone-hot値,便番号が「2000」なら1、それ以外0,0/1,地点非依存（counterpart_terminalはルート地点選択にも使用）,-,運航予定情報,カテゴリ一致を0/1化,voyage_number,schedule,再現可能,便番号は整数文字列へ統一。未知便番号は全既知便フラグ0として監視
105,voyage_number=2001,カテゴリのone-hot値,便番号が「2001」なら1、それ以外0,0/1,地点非依存（counterpart_terminalはルート地点選択にも使用）,-,運航予定情報,カテゴリ一致を0/1化,voyage_number,schedule,再現可能,便番号は整数文字列へ統一。未知便番号は全既知便フラグ0として監視
106,voyage_number=2010,カテゴリのone-hot値,便番号が「2010」なら1、それ以外0,0/1,地点非依存（counterpart_terminalはルート地点選択にも使用）,-,運航予定情報,カテゴリ一致を0/1化,voyage_number,schedule,再現可能,便番号は整数文字列へ統一。未知便番号は全既知便フラグ0として監視
107,voyage_number=2100,カテゴリのone-hot値,便番号が「2100」なら1、それ以外0,0/1,地点非依存（counterpart_terminalはルート地点選択にも使用）,-,運航予定情報,カテゴリ一致を0/1化,voyage_number,schedule,再現可能,便番号は整数文字列へ統一。未知便番号は全既知便フラグ0として監視
108,voyage_number=2110,カテゴリのone-hot値,便番号が「2110」なら1、それ以外0,0/1,地点非依存（counterpart_terminalはルート地点選択にも使用）,-,運航予定情報,カテゴリ一致を0/1化,voyage_number,schedule,再現可能,便番号は整数文字列へ統一。未知便番号は全既知便フラグ0として監視
109,voyage_number=2130,カテゴリのone-hot値,便番号が「2130」なら1、それ以外0,0/1,地点非依存（counterpart_terminalはルート地点選択にも使用）,-,運航予定情報,カテゴリ一致を0/1化,voyage_number,schedule,再現可能,便番号は整数文字列へ統一。未知便番号は全既知便フラグ0として監視
110,voyage_number=2170,カテゴリのone-hot値,便番号が「2170」なら1、それ以外0,0/1,地点非依存（counterpart_terminalはルート地点選択にも使用）,-,運航予定情報,カテゴリ一致を0/1化,voyage_number,schedule,再現可能,便番号は整数文字列へ統一。未知便番号は全既知便フラグ0として監視
111,voyage_number=2210,カテゴリのone-hot値,便番号が「2210」なら1、それ以外0,0/1,地点非依存（counterpart_terminalはルート地点選択にも使用）,-,運航予定情報,カテゴリ一致を0/1化,voyage_number,schedule,再現可能,便番号は整数文字列へ統一。未知便番号は全既知便フラグ0として監視
112,voyage_number=2220,カテゴリのone-hot値,便番号が「2220」なら1、それ以外0,0/1,地点非依存（counterpart_terminalはルート地点選択にも使用）,-,運航予定情報,カテゴリ一致を0/1化,voyage_number,schedule,再現可能,便番号は整数文字列へ統一。未知便番号は全既知便フラグ0として監視
113,voyage_number=2230,カテゴリのone-hot値,便番号が「2230」なら1、それ以外0,0/1,地点非依存（counterpart_terminalはルート地点選択にも使用）,-,運航予定情報,カテゴリ一致を0/1化,voyage_number,schedule,再現可能,便番号は整数文字列へ統一。未知便番号は全既知便フラグ0として監視
114,voyage_number=2250,カテゴリのone-hot値,便番号が「2250」なら1、それ以外0,0/1,地点非依存（counterpart_terminalはルート地点選択にも使用）,-,運航予定情報,カテゴリ一致を0/1化,voyage_number,schedule,再現可能,便番号は整数文字列へ統一。未知便番号は全既知便フラグ0として監視
115,voyage_number=2260,カテゴリのone-hot値,便番号が「2260」なら1、それ以外0,0/1,地点非依存（counterpart_terminalはルート地点選択にも使用）,-,運航予定情報,カテゴリ一致を0/1化,voyage_number,schedule,再現可能,便番号は整数文字列へ統一。未知便番号は全既知便フラグ0として監視
116,voyage_number=2270,カテゴリのone-hot値,便番号が「2270」なら1、それ以外0,0/1,地点非依存（counterpart_terminalはルート地点選択にも使用）,-,運航予定情報,カテゴリ一致を0/1化,voyage_number,schedule,再現可能,便番号は整数文字列へ統一。未知便番号は全既知便フラグ0として監視
117,voyage_number=2280,カテゴリのone-hot値,便番号が「2280」なら1、それ以外0,0/1,地点非依存（counterpart_terminalはルート地点選択にも使用）,-,運航予定情報,カテゴリ一致を0/1化,voyage_number,schedule,再現可能,便番号は整数文字列へ統一。未知便番号は全既知便フラグ0として監視
118,voyage_number=2350,カテゴリのone-hot値,便番号が「2350」なら1、それ以外0,0/1,地点非依存（counterpart_terminalはルート地点選択にも使用）,-,運航予定情報,カテゴリ一致を0/1化,voyage_number,schedule,再現可能,便番号は整数文字列へ統一。未知便番号は全既知便フラグ0として監視
119,voyage_number=2400,カテゴリのone-hot値,便番号が「2400」なら1、それ以外0,0/1,地点非依存（counterpart_terminalはルート地点選択にも使用）,-,運航予定情報,カテゴリ一致を0/1化,voyage_number,schedule,再現可能,便番号は整数文字列へ統一。未知便番号は全既知便フラグ0として監視
120,voyage_number=2410,カテゴリのone-hot値,便番号が「2410」なら1、それ以外0,0/1,地点非依存（counterpart_terminalはルート地点選択にも使用）,-,運航予定情報,カテゴリ一致を0/1化,voyage_number,schedule,再現可能,便番号は整数文字列へ統一。未知便番号は全既知便フラグ0として監視
121,voyage_number=2430,カテゴリのone-hot値,便番号が「2430」なら1、それ以外0,0/1,地点非依存（counterpart_terminalはルート地点選択にも使用）,-,運航予定情報,カテゴリ一致を0/1化,voyage_number,schedule,再現可能,便番号は整数文字列へ統一。未知便番号は全既知便フラグ0として監視
122,voyage_number=2440,カテゴリのone-hot値,便番号が「2440」なら1、それ以外0,0/1,地点非依存（counterpart_terminalはルート地点選択にも使用）,-,運航予定情報,カテゴリ一致を0/1化,voyage_number,schedule,再現可能,便番号は整数文字列へ統一。未知便番号は全既知便フラグ0として監視
123,voyage_number=2450,カテゴリのone-hot値,便番号が「2450」なら1、それ以外0,0/1,地点非依存（counterpart_terminalはルート地点選択にも使用）,-,運航予定情報,カテゴリ一致を0/1化,voyage_number,schedule,再現可能,便番号は整数文字列へ統一。未知便番号は全既知便フラグ0として監視
124,voyage_number=3000,カテゴリのone-hot値,便番号が「3000」なら1、それ以外0,0/1,地点非依存（counterpart_terminalはルート地点選択にも使用）,-,運航予定情報,カテゴリ一致を0/1化,voyage_number,schedule,再現可能,便番号は整数文字列へ統一。未知便番号は全既知便フラグ0として監視
125,voyage_number=3001,カテゴリのone-hot値,便番号が「3001」なら1、それ以外0,0/1,地点非依存（counterpart_terminalはルート地点選択にも使用）,-,運航予定情報,カテゴリ一致を0/1化,voyage_number,schedule,再現可能,便番号は整数文字列へ統一。未知便番号は全既知便フラグ0として監視
126,voyage_number=3010,カテゴリのone-hot値,便番号が「3010」なら1、それ以外0,0/1,地点非依存（counterpart_terminalはルート地点選択にも使用）,-,運航予定情報,カテゴリ一致を0/1化,voyage_number,schedule,再現可能,便番号は整数文字列へ統一。未知便番号は全既知便フラグ0として監視
127,voyage_number=__MISSING__,カテゴリのone-hot値,便番号が「__MISSING__」なら1、それ以外0,0/1,地点非依存（counterpart_terminalはルート地点選択にも使用）,-,運航予定情報,カテゴリ一致を0/1化,voyage_number,schedule,再現可能,便番号は整数文字列へ統一。未知便番号は全既知便フラグ0として監視
