split,scope,rows,weather_cancellations,operated,date_min,date_max
train,all,5246,501,4745,2024-07-09,2025-09-30
train,jet,4075,490,3585,2024-07-09,2025-09-30
train,large,1171,11,1160,2024-07-09,2025-09-28
calibration,all,904,45,859,2025-10-01,2025-12-31
calibration,jet,644,42,602,2025-10-01,2025-12-31
calibration,large,260,3,257,2025-10-01,2025-12-31
validation,all,1750,152,1598,2026-01-01,2026-05-31
validation,jet,1413,146,1267,2026-01-01,2026-05-31
validation,large,337,6,331,2026-01-01,2026-05-24
test,all,1037,104,933,2026-06-01,2026-09-17
test,jet,801,93,708,2026-06-01,2026-09-17
test,large,236,11,225,2026-06-05,2026-09-17
