feature,pr_auc_drop_mean,pr_auc_drop_std
estimated_duration_minutes,0.038845565724259457,0.009224001620690828
journey_wind_wave_height_mean,0.01809204428987214,0.0021475993706356784
journey_wind_wave_height_max,0.01413101192499259,0.0014027078619146345
journey_wind_gusts_10m_min,0.013766229252706541,0.0006238667588463292
pre3h_wind_gusts_10m_max,0.012818213701752956,0.003800298822979659
pre6h_wind_gusts_10m_min,0.01280517500168706,0.0015877565878127295
pre6h_wind_gusts_10m_max,0.012437097496379482,0.0008159859948702784
pre6h_wind_gusts_10m_mean,0.011282480759666499,0.0014690324211705423
journey_wind_speed_10m_min,0.011122990837459712,0.0006987931895572078
journey_wind_gusts_10m_max,0.010522853103162292,0.0018300552911742526
journey_wind_gusts_10m_mean,0.009718500771155214,0.0008079138725975177
change_6h_wave_height,0.007510412068884327,0.0006934339539509149
pre3h_wind_gusts_10m_mean,0.006951310369778474,0.0011564919536044408
journey_swell_wave_height_max,0.006365481641482318,0.0006204083383259677
pre6h_wind_speed_10m_min,0.006088958881891686,0.0006938761275700578
journey_cloud_cover_min,0.006025406830769649,0.0024091190708071426
journey_wave_height_mean,0.005191293943147546,0.0020197541491852712
journey_swell_wave_period_max,0.004997426845294695,0.0009902352640613257
journey_wave_height_max,0.004927079384408802,0.0016224589069973746
pre3h_wave_height_max,0.004858320289976718,0.007211712672677091
journey_wind_direction_10m_sin_mean,0.004695469571031101,0.0007194218230665673
pre6h_wave_height_mean,0.004513284312170018,0.0003860933724915654
departure_weekend,0.004373763869415422,0.00172874374561408
pre6h_wave_height_max,0.004333612182100377,0.0021843114408273594
journey_swell_wave_period_mean,0.0036036531273517802,0.0023466368813827186
ship_type=large,0.003365451318799765,0.0012799037536679982
pre6h_swell_wave_height_min,0.00318367759274929,0.00025120535903227744
journey_wind_speed_10m_mean,0.0026466075968208567,0.00030457011156392904
journey_swell_wave_direction_sin_mean,0.002494412181296609,0.0007895279807771384
journey_cloud_cover_mean,0.0023590005397508365,0.0019947596280341165
ship_type=jet,0.002171747155260658,0.0005310643398640753
journey_wind_wave_period_min,0.002076940288386379,0.0004273326988945936
voyage_number=2000,0.002031117308993228,0.00041350677011905886
journey_swell_wave_height_min,0.001678702993791581,0.001007612466846171
voyage_number=2230,0.001545241878508315,0.00016005448842091935
pre3h_wave_height_min,0.001395917206399644,0.001514928317832703
journey_wave_direction_sin_mean,0.0013361074873808516,0.001063021209335763
pre6h_wind_speed_10m_max,0.0013246371048117878,0.0003895365095184796
pre3h_swell_wave_height_min,0.0012291646988265754,0.00017749469146954744
departure_hour_cos,0.0012216069454442646,0.0015013167100330076
journey_wind_wave_period_max,0.0011443213578939588,0.00022004684222406707
voyage_number=1100,0.0005629039736496274,0.00012107530057320473
voyage_number=1210,0.0004585548468875045,0.0003778427858657517
voyage_number=1410,0.00039389842758978205,7.139482280617237e-06
journey_swell_wave_direction_cos_mean,0.00029188504550270444,0.0028218508203016962
voyage_number=1230,0.00028789415339403046,0.0001505425739550217
journey_wind_wave_direction_cos_mean,0.0002792135760947649,0.0002931331902288794
voyage_number=2220,0.00019658115019786462,0.00025712880973384776
counterpart_terminal=熱海,0.00019373024207606596,5.6674917122675214e-05
voyage_number=2100,0.00013881316561829374,0.00012699817950455585
pre6h_wave_height_min,0.0001334820981733209,0.00020550383318227922
journey_wind_direction_10m_cos_mean,0.00012944156962827838,0.0018809557520684094
counterpart_terminal=館山,0.00010234206122143134,0.00011826315157520584
voyage_number=2270,9.56226474767563e-05,0.00010190869409765858
voyage_number=2210,4.5534605412863215e-05,0.0001458502643960194
change_3h_wind_speed_10m,3.929875879893352e-05,1.0433877518950384e-05
voyage_number=3000,2.7221061768963512e-05,0.0004293280230658816
voyage_number=1270,1.9591463199371734e-05,7.427479155793195e-05
voyage_number=1110,9.759721040336622e-06,1.3802329860222102e-05
voyage_number=1430,0.0,0.0
voyage_number=1350,0.0,0.0
voyage_number=1140,0.0,0.0
voyage_number=1250,0.0,0.0
voyage_number=2400,0.0,0.0
voyage_number=2170,0.0,0.0
voyage_number=2130,0.0,0.0
voyage_number=2010,0.0,0.0
voyage_number=2260,0.0,0.0
voyage_number=2280,0.0,0.0
voyage_number=2350,0.0,0.0
voyage_number=2250,0.0,0.0
voyage_number=2450,0.0,0.0
voyage_number=2410,0.0,0.0
voyage_number=2440,0.0,0.0
voyage_number=2430,0.0,0.0
voyage_number=__MISSING__,0.0,0.0
voyage_number=3010,0.0,0.0
voyage_number=1280,0.0,0.0
voyage_number=1260,0.0,0.0
voyage_number=2001,0.0,0.0
voyage_number=1420,0.0,0.0
counterpart_terminal=久里浜,0.0,0.0
voyage_number=1450,0.0,0.0
counterpart_terminal=稲取,0.0,0.0
voyage_number=3001,-2.1130815596663115e-05,2.98834860008059e-05
voyage_number=2110,-2.99639217675729e-05,0.00029355216865449714
pre3h_wave_height_mean,-3.529305420061727e-05,0.0065225063889889495
direction=from_oshima,-3.9739580281435614e-05,0.0001965174796366411
journey_precipitation_max,-4.3685179053176704e-05,0.00013152195338026056
counterpart_terminal=横浜,-9.527842612581476e-05,9.687766654244549e-05
hours_route_wave_ge_2_5m_pre6_to_arrival,-0.00018870658826701062,0.0019488964932534063
direction=to_oshima,-0.00038661303377470385,9.745860894157903e-05
counterpart_terminal=東京,-0.00042471893416625345,0.00024226380495374116
journey_wind_wave_direction_sin_mean,-0.00044776371154475747,0.0009065136621173568
pre6h_wind_speed_10m_mean,-0.0005366059051894098,0.0003487604484810534
counterpart_terminal=伊東,-0.0005832967619174845,0.00016282706661480413
pre6h_swell_wave_height_mean,-0.0006467265376008576,0.0005708743826343364
journey_precipitation_min,-0.0006651170064366404,0.00222162618571804
voyage_number=1220,-0.0007857334102354674,0.00020562583806076035
journey_wind_wave_period_mean,-0.0008345451223183235,0.00017510821351702735
journey_wave_height_min,-0.0009753778629247867,0.0006256605306320562
journey_wave_period_min,-0.0010209686455742901,0.0014975048122537649
journey_swell_wave_period_min,-0.0012290443694909319,0.0012057590060744999
journey_precipitation_mean,-0.0012793417261917812,0.0018371157859530286
journey_cloud_cover_max,-0.0013841899417685877,0.00040276733802005997
pre3h_wind_speed_10m_mean,-0.0015153617238960286,0.0006206350142166233
pre3h_wind_speed_10m_max,-0.0016517104543838368,0.0004315589423293343
journey_wave_direction_cos_mean,-0.0018286408037029671,0.00018052771297386844
journey_wind_wave_height_min,-0.001915972746712476,0.00032203210048207577
change_6h_wind_speed_10m,-0.0026960393981102873,0.0006734580420657589
departure_month_cos,-0.0028088999210217716,0.0016336044723088074
change_3h_wave_height,-0.0035077798316153577,0.0005848393350731862
pre3h_wind_gusts_10m_min,-0.0035134529019743197,0.0002700303519905563
pre3h_swell_wave_height_mean,-0.0038085516759077307,0.0005929225204380544
departure_hour_sin,-0.004440874364362468,0.0016622613619118101
journey_wave_period_mean,-0.004566190316943349,0.0013926315391053691
journey_pressure_msl_min,-0.004967723970300986,0.0022761802738483885
journey_wave_period_max,-0.00677881081130464,0.0024170737038284582
journey_swell_wave_height_mean,-0.006810676319350987,0.0002368994628905011
journey_wind_speed_10m_max,-0.006892941753198693,0.0016552977446678157
departure_month_sin,-0.008190854468212142,0.0016758718785698048
journey_pressure_msl_mean,-0.008320368113267676,0.002492598637123471
pre6h_swell_wave_height_max,-0.008381691208902827,0.0016931156615359803
pre3h_wind_speed_10m_min,-0.008595875473738338,0.001991267737447232
hours_route_wind_ge_10ms_pre6_to_arrival,-0.009038829121379544,0.0015600303187612498
pre3h_swell_wave_height_max,-0.009384261631027494,0.0012397934403417207
journey_pressure_msl_max,-0.009468215666326532,0.004631273842976603
