threshold,tp,fp,tn,fn,recall,precision,false_positive_rate,specificity,alert_rate,accuracy,pr_auc,roc_auc,brier,scope,model,split,target_recall
0.03,150,413,1185,2,0.9868421052631579,0.2664298401420959,0.25844806007509386,0.7415519399249061,0.32171428571428573,0.7628571428571429,0.7349229782961764,0.9615823232988604,0.04000965085981605,all,logistic,validation,0.98
0.03,96,201,732,8,0.9230769230769231,0.32323232323232326,0.21543408360128619,0.7845659163987139,0.28640308582449375,0.7984570877531341,0.6984625298274505,0.9292089207684063,0.05293087890252191,all,logistic,test,0.98
0.01,150,526,1072,2,0.9868421052631579,0.22189349112426035,0.32916145181476847,0.6708385481852316,0.3862857142857143,0.6982857142857143,0.6755923591038117,0.9547995850075752,0.04430374712174713,all,gbdt_stumps,validation,0.98
0.01,99,244,689,5,0.9519230769230769,0.2886297376093295,0.2615219721329046,0.7384780278670954,0.33076181292189005,0.759884281581485,0.7212423245219094,0.9341763541924314,0.05790090063676319,all,gbdt_stumps,test,0.98
0.03,144,340,927,2,0.9863013698630136,0.2975206611570248,0.26835043409629045,0.7316495659037096,0.34253361641896674,0.7579617834394905,0.7961273213571879,0.9628666572963855,0.0425223463062611,jet,logistic,validation,0.98
0.03,86,145,563,7,0.9247311827956989,0.3722943722943723,0.20480225988700565,0.7951977401129944,0.2883895131086142,0.8102372034956304,0.7561773297515892,0.942895328351862,0.056431265540176224,jet,logistic,test,0.98
0.01,144,353,914,2,0.9863013698630136,0.289738430583501,0.2786108918705604,0.7213891081294396,0.35173389950460016,0.748761500353857,0.7004391628157308,0.9524764571688056,0.05078532724219497,jet,gbdt_stumps,validation,0.98
0.01,90,145,563,3,0.967741935483871,0.3829787234042553,0.20480225988700565,0.7951977401129944,0.2933832709113608,0.815230961298377,0.7774166317907462,0.9484083591519349,0.06166119561209535,jet,gbdt_stumps,test,0.98
0.01,6,56,275,0,1.0,0.0967741935483871,0.1691842900302115,0.8308157099697885,0.18397626112759644,0.8338278931750742,0.12633699146857041,0.925730110775428,0.017289615586725184,large,logistic,validation,0.98
0.01,11,192,33,0,1.0,0.054187192118226604,0.8533333333333334,0.14666666666666667,0.8601694915254238,0.1864406779661017,0.24012249369731897,0.877979797979798,0.04231917086363591,large,logistic,test,0.98
0.02,1,22,309,5,0.16666666666666666,0.043478260869565216,0.06646525679758308,0.9335347432024169,0.06824925816023739,0.9198813056379822,0.04393762795701847,0.7570493454179255,0.017782864281348194,large,gbdt_stumps,validation,0.98
0.02,10,109,116,1,0.9090909090909091,0.08403361344537816,0.48444444444444446,0.5155555555555555,0.5042372881355932,0.5338983050847458,0.1670379779948984,0.8006060606060607,0.04678274479546547,large,gbdt_stumps,test,0.98
